Bike Station,Place,Place Latitude_x,Place Longitude_x,Rating_x,Popularity,Price_x,Bike Station_y,Place Latitude_y,Place Longitude_y,Rating_y,review_count,Price_y,Bike Station Latitude,Bike Station Longitude,free_bikes,empty_slots,total_bikes,price_category,Distance
East Blvd & 37th,41 Noodle & Rice Pot House,49.234829,-123.159261,No rating available,No popularity available,No price available,Arbutus & Nanton,49.2348,-123.15925,4.0,49.0,2,49.238105,-123.154966,3.0,16.0,19.0,affordable,479.5154825592395
St George & Broadway,AJ's Brooklyn Pizza Joint,49.262989,-123.098175,No rating available,No popularity available,No price available,St George & Broadway,49.2629437687572,-123.098307028413,4.2,171.0,2,49.262321,-123.09306,2.0,12.0,14.0,affordable,378.52908936884415
8th & Macdonald,Ah Long Sushi,49.264189,-123.166319,No rating available,No popularity available,No price available,8th & Macdonald,49.2641841,-123.1662602,4.2,10.0,0,49.264928,-123.168068,5.0,17.0,22.0,0,151.19150196020294
Britannia Parking Lot,Al Basha,49.272233,-123.069836,No rating available,No popularity available,No price available,Chestnut & McNicoll,49.2726149,-123.1486678,4.1,45.0,1,49.275882,-123.071865,5.0,9.0,14.0,cheap,431.6262518190483
Lakewood & Triumph,Aleph Eatery,49.284921,-123.065799,No rating available,No popularity available,No price available,Britannia Parking Lot,49.2849288,-123.065795,4.4,91.0,2,49.283968,-123.061615,4.0,12.0,16.0,affordable,321.44690518884823
Maple Tree Square,Alibi Room,49.284288,-123.10023,No rating available,No popularity available,No price available,Maple Tree Square,49.284201944511,-123.1001915385,4.3,580.0,2,49.283482,-123.103738,23.0,2.0,25.0,affordable,269.7707784395197
13th & Cambie,Alley 16,49.257052,-123.114864,No rating available,No popularity available,No price available,Olympic Village Station,49.257017,-123.11474,4.4,9.0,0,49.259579,-123.114769,6.0,8.0,14.0,0,281.0741448959469
Nelson & Richards,Ancora Waterfront Dining and Patio,49.27371,-123.132588,No rating available,No popularity available,No price available,Pacific & Richards,49.27385345615888,-123.13257765112428,4.1,241.0,4,49.277844,-123.120942,16.0,1.0,17.0,expensive,961.8240616641615
St George & Broadway,Anh and Chi,49.255019,-123.100904,No rating available,No popularity available,No price available,St George & Broadway,49.2550314422938,-123.100882202153,4.0,728.0,3,49.262321,-123.09306,2.0,12.0,14.0,moderate,991.6127041496565
Arbutus & 10th,AnnaLena,49.270791,-123.146937,No rating available,No popularity available,No price available,Burrard & 14th,49.2708261,-123.1467714,4.5,374.0,4,49.262835,-123.152626,2.0,16.0,18.0,expensive,976.2319227993959
28th & Willow,Aroom Cafe,49.252322,-123.127273,No rating available,No popularity available,No price available,Heather & 18th,49.2524615,-123.1272607,4.0,5.0,0,49.246243,-123.124373,3.0,17.0,20.0,0,707.9703923978087
Hawks & Union,Aussie Pie Guy,49.279818,-123.082487,No rating available,No popularity available,No price available,Campbell & Hastings,49.2801095059671,-123.082728725375,3.7,41.0,2,49.277333,-123.087359,7.0,9.0,16.0,affordable,448.61991371641903
Chilco & Barclay,Banana Leaf,49.291374,-123.13499,No rating available,No popularity available,No price available,Chilco & Barclay,49.2914,-123.13492,3.6,187.0,2,49.291909,-123.140713,10.0,7.0,17.0,affordable,419.2869883460449
Olympic Village Station,Banana Leaf,49.263207,-123.122445,No rating available,No popularity available,No price available,Chilco & Barclay,49.2914,-123.13492,3.6,187.0,2,49.266314,-123.116011,13.0,7.0,20.0,affordable,580.7920238420869
Beach & Cardero,Banana Leaf,49.27999,-123.130204,No rating available,No popularity available,No price available,Chilco & Barclay,49.2914,-123.13492,3.6,187.0,2,49.283298,-123.142288,10.0,11.0,21.0,affordable,950.5888109231471
Britannia Parking Lot,Bar Corso,49.270848,-123.069394,No rating available,No popularity available,No price available,Britannia Parking Lot,49.2707051,-123.0694651,4.4,20.0,0,49.275882,-123.071865,5.0,9.0,14.0,0,587.761317005144
Arbutus & 16th,Bar One,49.263908,-123.144888,No rating available,No popularity available,No price available,Pine & 10th,49.2638295,-123.144471,4.5,6.0,0,49.257654,-123.153212,11.0,28.0,39.0,0,921.1298617581443
Hawks & Union,Barbara,49.280545,-123.096991,No rating available,No popularity available,No price available,Thornton & National,49.2804544,-123.0970391,4.4,26.0,0,49.277333,-123.087359,7.0,9.0,16.0,0,784.7067383688395
East Blvd & 37th,Barra 41,49.234896,-123.161536,No rating available,No popularity available,No price available,Arbutus & Nanton,49.23482,-123.16161,4.2,26.0,2,49.238105,-123.154966,3.0,16.0,19.0,affordable,595.6987398717914
Woodland & 10th,Belgian Fries,49.267975,-123.069881,No rating available,No popularity available,No price available,Woodland & 4th,49.267954,-123.0697949,3.2,223.0,1,49.261263,-123.073707,10.0,4.0,14.0,cheap,796.3028135294581
Sasamat & 10th,Bella Roma Pizzeria & Ristorante,49.263657,-123.207946,No rating available,No popularity available,No price available,Sasamat & 10th,49.2636894,-123.208103,3.3,63.0,2,49.264019,-123.209176,14.0,8.0,22.0,affordable,97.90978197369554
St George & Broadway,Bells and Whistles,49.255678,-123.089524,No rating available,No popularity available,No price available,14th & Fraser,49.2556805042778,-123.089684071771,3.0,129.0,2,49.262321,-123.09306,2.0,12.0,14.0,affordable,781.9707796487983
Burrard & 14th,Bin 4 Burger Lounge,49.259007,-123.138549,No rating available,No popularity available,No price available,Burrard & 14th,49.25902,-123.13833,3.7,125.0,2,49.259469,-123.145718,5.0,13.0,18.0,affordable,522.7844497701244
Richards & Cordova,Black Frog Eatery,49.284578,-123.10853,No rating available,No popularity available,No price available,Maple Tree Square,49.284598,-123.108687,3.8,226.0,2,49.284554,-123.111031,16.0,0.0,16.0,affordable,181.4240113452704
Chilco & Barclay,Blenz Coffee,49.290242,-123.137571,No rating available,No popularity available,No price available,Stanley Park - Third Beach Parking Lot,49.2900664,-123.1378346,3.4,36.0,1,49.291909,-123.140713,10.0,7.0,17.0,cheap,293.7392989127751
St George & Broadway,Blenz Coffee,49.26399,-123.08082,No rating available,No popularity available,No price available,Stanley Park - Third Beach Parking Lot,49.2900664,-123.1378346,3.4,36.0,1,49.262321,-123.09306,2.0,12.0,14.0,cheap,907.3677376544133
Burrard & 14th,Blenz Coffee,49.263527,-123.150045,No rating available,No popularity available,No price available,Stanley Park - Third Beach Parking Lot,49.2900664,-123.1378346,3.4,36.0,1,49.259469,-123.145718,5.0,13.0,18.0,cheap,549.7281952217653
Olympic Village Station,Blenz Coffee,49.263421,-123.115731,No rating available,No popularity available,No price available,Stanley Park - Third Beach Parking Lot,49.2900664,-123.1378346,3.4,36.0,1,49.266314,-123.116011,13.0,7.0,20.0,cheap,322.32788915630647
30th & Ontario,Blenz Coffee,49.247706,-123.100931,No rating available,No popularity available,No price available,Stanley Park - Third Beach Parking Lot,49.2900664,-123.1378346,3.4,36.0,1,49.243375,-123.104978,9.0,13.0,22.0,cheap,564.1156504165488
15th & Victoria (Trout Lake),Blenz Coffee,49.262614,-123.069508,No rating available,No popularity available,No price available,Stanley Park - Third Beach Parking Lot,49.2900664,-123.1378346,3.4,36.0,1,49.256857,-123.065646,3.0,15.0,18.0,cheap,698.8118802790597
Chilco & Beach,Blenz Coffee,49.289661,-123.132329,No rating available,No popularity available,No price available,Stanley Park - Third Beach Parking Lot,49.2900664,-123.1378346,3.4,36.0,1,49.28972,-123.144028,14.0,1.0,15.0,cheap,848.4976959323752
Wallace & 4th,Blenz Coffee,49.268507,-123.185502,No rating available,No popularity available,No price available,Stanley Park - Third Beach Parking Lot,49.2900664,-123.1378346,3.4,36.0,1,49.268974,-123.190701,11.0,7.0,18.0,cheap,380.7761671445892
Cypress & 16th,Blenz Coffee,49.26345,-123.138361,No rating available,No popularity available,No price available,Stanley Park - Third Beach Parking Lot,49.2900664,-123.1378346,3.4,36.0,1,49.25741,-123.148531,6.0,6.0,12.0,cheap,997.8686658300436
Thunderbird Parkade,Blenz Coffee,49.253982,-123.235073,No rating available,No popularity available,No price available,Stanley Park - Third Beach Parking Lot,49.2900664,-123.1378346,3.4,36.0,1,49.261655,-123.241924,4.0,12.0,16.0,cheap,987.4953983816383
30th & Ontario,Bob Likes Thai Food,49.251388,-123.101244,No rating available,No popularity available,No price available,22nd & Main,49.25134,-123.10133,3.6,200.0,2,49.243375,-123.104978,9.0,13.0,22.0,affordable,931.3180311330622
Sasamat & 10th,Bombay Masala Indian Restaurant,49.264027,-123.208546,No rating available,No popularity available,No price available,Sasamat & 10th,49.263994092234284,-123.20836677276952,4.7,27.0,0,49.264019,-123.209176,14.0,8.0,22.0,0,45.7233149761464
Burrard & 14th,Boston Pizza,49.263692,-123.134651,No rating available,No popularity available,No price available,Sasamat & 10th,49.2637106560244,-123.202819073687,0.0,0.0,0,49.259469,-123.145718,5.0,13.0,18.0,0,930.3019335286416
Richards & Smithe,Boston Pizza,49.277218,-123.11415,No rating available,No popularity available,No price available,Sasamat & 10th,49.2637106560244,-123.202819073687,0.0,0.0,0,49.279259,-123.119145,4.0,12.0,16.0,0,427.55292960013094
Abbott & Cordova,Botanist,49.288198,-123.116627,No rating available,No popularity available,No price available,Richards & Cordova,49.2883099,-123.1167271,4.3,441.0,3,49.282759,-123.106955,8.0,13.0,21.0,moderate,926.2318568392991
Cordova & Bute,Brass Fish Tavern,49.287323,-123.117121,No rating available,No popularity available,No price available,Robson & Hornby,49.2873401,-123.1169064,4.0,29.0,0,49.289124,-123.12196,12.0,2.0,14.0,0,404.07640447337195
Burrard & 14th,Breakfast Table,49.263821,-123.138068,No rating available,No popularity available,No price available,Burrard & 14th,49.25855,-123.13856,4.3,282.0,2,49.259469,-123.145718,5.0,13.0,18.0,affordable,736.4454553798399
30th & Ontario,Breka Bakery & Cafe,49.243843,-123.101008,No rating available,No popularity available,No price available,Bute & Barclay,49.2857242811844,-123.1271553452,3.9,378.0,1,49.243375,-123.104978,9.0,13.0,22.0,cheap,292.8547619840216
Robson & Hornby,Breka Bakery & Cafe,49.285765,-123.127128,No rating available,No popularity available,No price available,Bute & Barclay,49.2857242811844,-123.1271553452,3.9,378.0,1,49.282758,-123.122092,6.0,19.0,25.0,cheap,495.20308652801657
Robson & Hornby,Breka Bakery & Cafe,49.278414,-123.12788,No rating available,No popularity available,No price available,Bute & Barclay,49.2857242811844,-123.1271553452,3.9,378.0,1,49.282758,-123.122092,6.0,19.0,25.0,cheap,639.9965467473794
Robson & Hornby,Breka Bakery & Café,49.285619,-123.114947,No rating available,No popularity available,No price available,30th & Ontario,49.24383730986246,-123.10114614665508,4.0,52.0,2,49.282758,-123.122092,6.0,19.0,25.0,affordable,608.1030598588442
East Blvd & 37th,Bubble Waffle Cafe,49.234917,-123.158944,No rating available,No popularity available,No price available,Orchard Commons,49.26139051693755,-123.24631841346316,0.0,0.0,0,49.238105,-123.154966,3.0,16.0,19.0,0,457.250072426524
Sasamat & 10th,Burgoo Bistro,49.263678,-123.207137,No rating available,No popularity available,No price available,Robson & Hornby,49.27968,-123.12763,4.2,189.0,2,49.264019,-123.209176,14.0,8.0,22.0,affordable,152.7377708643544
Chilco & Barclay,Cactus Club Cafe,49.28666,-123.14278,No rating available,No popularity available,No price available,Chilco & Barclay,49.28689653721021,-123.14273036,3.7,369.0,2,49.291909,-123.140713,10.0,7.0,17.0,affordable,602.6066581127753
Robson & Hornby,Cactus Club Cafe,49.289603,-123.118045,No rating available,No popularity available,No price available,Chilco & Barclay,49.28689653721021,-123.14273036,3.7,369.0,2,49.282758,-123.122092,6.0,19.0,25.0,affordable,815.7682623017322
15th & Victoria (Trout Lake),Cafe Algarve,49.259726,-123.070156,No rating available,No popularity available,No price available,15th & Victoria (Trout Lake),49.2597049,-123.0700568,3.8,4.0,1,49.256857,-123.065646,3.0,15.0,18.0,cheap,457.0513336264779
Orchard Commons,Cafe Ami,49.264443,-123.244653,No rating available,No popularity available,No price available,Heather & 16th,49.260803,-123.123994,3.6,10.0,1,49.259999,-123.250902,9.0,17.0,26.0,cheap,670.6807531409949
8th & Macdonald,Cafe Lokal,49.268153,-123.164876,No rating available,No popularity available,No price available,8th & Macdonald,49.2683300473659,-123.16486839205,4.5,59.0,2,49.264928,-123.168068,5.0,17.0,22.0,affordable,426.89502108270364
St George & Broadway,Caffe Barney,49.262516,-123.10073,No rating available,No popularity available,No price available,Burrard & 14th,49.25918,-123.13915,3.2,159.0,2,49.262321,-123.09306,2.0,12.0,14.0,affordable,556.9981534910555
Burrard & 14th,Caffe Barney,49.259223,-123.138972,No rating available,No popularity available,No price available,Burrard & 14th,49.25918,-123.13915,3.2,159.0,2,49.259469,-123.145718,5.0,13.0,18.0,affordable,490.31968645919983
Dunbar & 6th,Caffe W,49.264214,-123.184727,No rating available,No popularity available,No price available,Dunbar & 6th,49.2642329148272,-123.18472912500756,4.5,53.0,1,49.266636,-123.183661,3.0,12.0,15.0,cheap,280.2018911651878
Chilco & Beach,Café Portrait,49.288019,-123.14022,No rating available,No popularity available,No price available,Chilco & Barclay,49.2881056129168,-123.140413686633,4.4,79.0,0,49.28972,-123.144028,14.0,1.0,15.0,0,334.73962626201325
Chilco & Barclay,Cardero's Restaurant & Marine Pub,49.291554,-123.127461,No rating available,No popularity available,No price available,Cardero & Robson,49.2914561357511,-123.127575841549,3.9,723.0,3,49.291909,-123.140713,10.0,7.0,17.0,moderate,961.874509545459
Maple Tree Square,Chambar,49.280213,-123.1097,No rating available,No popularity available,No price available,Thornton & National,49.2801460007961,-123.109925328073,4.2,1630.0,2,49.283482,-123.103738,23.0,2.0,25.0,affordable,564.9377319366384
Woodland & 10th,Chancho Tortilleria,49.265946,-123.069304,No rating available,No popularity available,No price available,15th & Victoria (Trout Lake),49.266008,-123.069397,3.8,13.0,0,49.261263,-123.073707,10.0,4.0,14.0,0,610.9287904773958
Wesbrook Village - Berton & Shrum,Chef Hung Taiwanese Beef Noodle,49.254439,-123.236248,No rating available,No popularity available,No price available,Orchard Commons,49.2545285,-123.2360941,2.6,76.0,2,49.25478,-123.23621,9.0,18.0,27.0,affordable,38.01763594819334
30th & Ontario,Chickpea,49.24665,-123.100922,No rating available,No popularity available,No price available,30th & Ontario,49.2466008452725,-123.100948166987,3.5,280.0,2,49.243375,-123.104978,9.0,13.0,22.0,affordable,468.2982349962995
Thornton & National,Chinatown BBQ,49.280546,-123.101453,No rating available,No popularity available,No price available,Thornton & National,49.280294,-123.1015,4.4,347.0,2,49.273777,-123.092723,7.0,7.0,14.0,affordable,983.6672319423257
Yaletown-Roundhouse Station,Chipotle Mexican Grill,49.281585,-123.121012,No rating available,No popularity available,No price available,Orchard Commons,49.26627,-123.24731,0.0,0.0,0,49.274566,-123.121817,8.0,8.0,16.0,0,782.6588019507949
15th & Victoria (Trout Lake),Commercial Street Cafe,49.252597,-123.068255,No rating available,No popularity available,No price available,Commercial & 20th,49.2526261,-123.0681265,3.5,75.0,2,49.256857,-123.065646,3.0,15.0,18.0,affordable,510.13421556923413
15th & Victoria (Trout Lake),Commercial Sushi,49.261683,-123.069997,No rating available,No popularity available,No price available,10th & Commercial,49.2617421,-123.0699298,3.0,66.0,2,49.256857,-123.065646,3.0,15.0,18.0,affordable,622.629460287095
St George & Broadway,Como Taperia,49.264715,-123.100431,No rating available,No popularity available,No price available,St George & Broadway,49.2647449,-123.1006898,3.8,100.0,0,49.262321,-123.09306,2.0,12.0,14.0,0,597.4491625114758
Arbutus & 16th,Coquette,49.262296,-123.153345,No rating available,No popularity available,No price available,Burrard & 14th,49.26212,-123.15324,4.0,26.0,0,49.257654,-123.153212,11.0,28.0,39.0,0,516.2570785315233
Britannia Parking Lot,Cozen,49.271687,-123.069871,No rating available,No popularity available,No price available,Britannia Parking Lot,49.2715238,-123.0697249,4.6,23.0,0,49.275882,-123.071865,5.0,9.0,14.0,0,488.379497116124
Campbell & Hastings,Cuchillo,49.283335,-123.097958,No rating available,No popularity available,No price available,Maple Tree Square,49.283262611469,-123.098110155039,4.1,307.0,2,49.280852,-123.084746,9.0,6.0,15.0,affordable,997.3291567919131
Lakewood & Triumph,Dachi,49.281472,-123.05796,No rating available,No popularity available,No price available,Lakewood & Triumph,49.2813958763596,-123.058002479374,3.9,39.0,2,49.283968,-123.061615,4.0,12.0,16.0,affordable,383.8188776013487
15th & Victoria (Trout Lake),Daddy's Kitchen,49.261615,-123.069505,No rating available,No popularity available,No price available,15th & Victoria (Trout Lake),49.261521127712,-123.069602362812,3.9,68.0,2,49.256857,-123.065646,3.0,15.0,18.0,affordable,598.6124969247655
13th & Cambie,Dalina,49.263171,-123.126091,No rating available,No popularity available,No price available,10th & Oak,49.2632496465408,-123.126448765397,3.8,25.0,0,49.259579,-123.114769,6.0,8.0,14.0,0,913.5423811189154
Sasamat & 10th,Danoo Cafe,49.263657,-123.207946,No rating available,No popularity available,No price available,Sasamat & 10th,49.2636908,-123.2081455,3.5,12.0,0,49.264019,-123.209176,14.0,8.0,22.0,0,97.90978197369554
8th & Macdonald,Darby's Pub,49.268116,-123.168521,No rating available,No popularity available,No price available,Point Grey & Bayswater,49.26809,-123.16862,3.2,133.0,2,49.264928,-123.168068,5.0,17.0,22.0,affordable,356.0100386674876
8th & Macdonald,Delara,49.268056,-123.156677,No rating available,No popularity available,No price available,Burrard & 14th,49.2680486,-123.1569183,4.2,61.0,0,49.264928,-123.168068,5.0,17.0,22.0,0,896.7261845374378
Robson & Beatty,Devil's Elbow Ale & Smoke House,49.28027,-123.109705,No rating available,No popularity available,No price available,Carrall & Seawall,49.2801437,-123.1098099,3.5,214.0,2,49.277773,-123.114237,6.0,14.0,20.0,affordable,430.3157761651017
30th & Ontario,District Eleven,49.249133,-123.101539,No rating available,No popularity available,No price available,St George & Broadway,49.2489934,-123.1012049,4.1,41.0,0,49.243375,-123.104978,9.0,13.0,22.0,0,687.2047882141841
Commercial & 20th,Do Chay,49.25012,-123.076562,No rating available,No popularity available,No price available,14th & Fraser,49.25006,-123.0765,4.4,185.0,2,49.252656,-123.067965,1.0,19.0,20.0,affordable,684.7436531372198
7th &  Alder,Dockside Restaurant,49.269422,-123.131167,No rating available,No popularity available,No price available,7th &  Alder,49.2693844631928,-123.13101576314,3.2,308.0,3,49.265198,-123.131043,2.0,13.0,15.0,moderate,469.7735362988411
St George & Broadway,Domino's Pizza,49.262677,-123.091578,No rating available,No popularity available,No price available,Sasamat & 10th,49.2636651,-123.2068209,5.0,1.0,0,49.262321,-123.09306,2.0,12.0,14.0,0,114.59582521232844
Sasamat & 10th,Domino's Pizza,49.263678,-123.207137,No rating available,No popularity available,No price available,Sasamat & 10th,49.2636651,-123.2068209,5.0,1.0,0,49.264019,-123.209176,14.0,8.0,22.0,0,152.7377708643544
Lakewood & Oxford,Domino's Pizza,49.285161,-123.062086,No rating available,No popularity available,No price available,Sasamat & 10th,49.2636651,-123.2068209,5.0,1.0,0,49.285575,-123.061575,6.0,12.0,18.0,0,59.10081249193408
15th & Victoria (Trout Lake),Donair Dude,49.262671,-123.069513,No rating available,No popularity available,No price available,Arbutus & Nanton,49.23471849724369,-123.15718855708838,4.3,3.0,0,49.256857,-123.065646,3.0,15.0,18.0,0,704.7668506759364
Nelson & Richards,Donair Dude,49.277642,-123.125218,No rating available,No popularity available,No price available,Arbutus & Nanton,49.23471849724369,-123.15718855708838,4.3,3.0,0,49.277844,-123.120942,16.0,1.0,17.0,0,311.0050720143671
Strangway Building,Donair Town,49.266648,-123.242818,No rating available,No popularity available,No price available,Orchard Commons,49.2665996,-123.2428419,3.5,14.0,1,49.2661,-123.24568,12.0,12.0,24.0,cheap,216.42070209180142
Commercial & 20th,Dosa Factory,49.250825,-123.076946,No rating available,No popularity available,No price available,Commercial & 20th,49.251,-123.07699,3.8,177.0,2,49.252656,-123.067965,1.0,19.0,20.0,affordable,682.9060274045893
Thornton & National,Dosanko,49.282756,-123.092067,No rating available,No popularity available,No price available,Alexander & Railway,49.28278,-123.09194,3.9,111.0,2,49.273777,-123.092723,7.0,7.0,14.0,affordable,999.5526834142663
Dunbar & 6th,Double DD Pizza,49.268436,-123.18209,No rating available,No popularity available,No price available,Dunbar & 6th,49.26844683384475,-123.18223618512228,3.6,93.0,2,49.266636,-123.183661,3.0,12.0,15.0,affordable,230.33388571545086
Lakewood & Triumph,Dundas Eat + Drink,49.285033,-123.062238,No rating available,No popularity available,No price available,Britannia Parking Lot,49.285084,-123.062273,4.2,77.0,2,49.283968,-123.061615,4.0,12.0,16.0,affordable,126.75118504738278
30th & Ontario,East is East,49.245625,-123.101484,No rating available,No popularity available,No price available,30th & Ontario,49.2452136,-123.1014916,3.9,525.0,3,49.243375,-123.104978,9.0,13.0,22.0,moderate,356.26559019422456
27th & Main,El Camino's,49.256095,-123.100995,No rating available,No popularity available,No price available,St George & Broadway,49.2561154,-123.1010503,3.4,220.0,2,49.247204,-123.101549,5.0,16.0,21.0,affordable,989.4514692333397
St George & Broadway,Electric Bicycle Brewing,49.267115,-123.104285,No rating available,No popularity available,No price available,1st & Scotia,49.26708,-123.10423,4.3,36.0,2,49.262321,-123.09306,2.0,12.0,14.0,affordable,973.4396569382885
Pacific & Richards,Elisa,49.27602,-123.121591,No rating available,No popularity available,No price available,Richards & Smithe,49.27597599917006,-123.12142339325408,4.2,245.0,4,49.273663,-123.127075,11.0,3.0,14.0,expensive,476.4161241955644
Olympic Village Station,Elysian Coffee Broadway,49.263077,-123.117243,No rating available,No popularity available,No price available,8th & Ash,49.263083,-123.117317,5.0,1.0,0,49.266314,-123.116011,13.0,7.0,20.0,0,370.87336570232935
8th & Macdonald,Evelyn's Coffee Shop,49.263681,-123.15468,No rating available,No popularity available,No price available,Arbutus & 10th,49.2637323,-123.1548308,4.4,49.0,1,49.264928,-123.168068,5.0,17.0,22.0,cheap,981.313045999945
Sasamat & 10th,Everyday Sushi,49.263763,-123.211279,No rating available,No popularity available,No price available,Sasamat & 10th,49.2637446,-123.2111529,3.2,32.0,1,49.264019,-123.209176,14.0,8.0,22.0,cheap,155.23259664347833
Robson & Hornby,Fanny Bay Oyster Bar & Shellfish Market,49.278557,-123.114183,No rating available,No popularity available,No price available,Olympic Village Station,49.2787525,-123.1138689,4.4,902.0,3,49.282758,-123.122092,6.0,19.0,25.0,moderate,739.831027625988
Thornton & National,Fat Mao Noodles,49.278692,-123.099348,No rating available,No popularity available,No price available,Olympic Village Station,49.27982129999999,-123.1267997,4.4,86.0,2,49.273777,-123.092723,7.0,7.0,14.0,affordable,727.7870555811074
8th & Macdonald,Fiore Famiglia,49.257944,-123.165053,No rating available,No popularity available,No price available,Burrard & 14th,49.2578174,-123.1650765,3.8,54.0,0,49.264928,-123.168068,5.0,17.0,22.0,0,806.81680765302
St Catherines & 7th,Freshii,49.2660129,-123.0843419,No rating available,No popularity available,No price available,Thunderbird Parkade,49.254493,-123.2354872,2.8,13.0,0,49.264466,-123.085183,3.0,17.0,20.0,0,182.5140091339446
Wesbrook Village - Berton & Shrum,Freshii,49.2544006,-123.2354052,No rating available,No popularity available,No price available,Thunderbird Parkade,49.254493,-123.2354872,2.8,13.0,0,49.25478,-123.23621,9.0,18.0,27.0,0,72.05193210356249
Lakewood & Triumph,Freshslice Pizza,49.281305,-123.053726,No rating available,No popularity available,No price available,Arbutus & Nanton,49.23469,-123.15330350674591,0.0,0.0,0,49.283968,-123.061615,4.0,12.0,16.0,0,644.3082935896591
15th & Victoria (Trout Lake),Freshslice Pizza,49.261579,-123.069583,No rating available,No popularity available,No price available,Arbutus & Nanton,49.23469,-123.15330350674591,0.0,0.0,0,49.256857,-123.065646,3.0,15.0,18.0,0,597.7622652068914
Stanley Park - Information Booth,Freshslice Pizza,49.289465,-123.13288,No rating available,No popularity available,No price available,Arbutus & Nanton,49.23469,-123.15330350674591,0.0,0.0,0,49.297933,-123.130758,7.0,13.0,20.0,0,954.0906070280972
Jericho Beach,Freshslice Pizza,49.268151,-123.186525,No rating available,No popularity available,No price available,Arbutus & Nanton,49.23469,-123.15330350674591,0.0,0.0,0,49.271221,-123.191133,10.0,16.0,26.0,0,477.8180587624773
Robson & Hornby,Fritz European Fry House,49.277256,-123.126564,No rating available,No popularity available,No price available,Nelson & Richards,49.2772045,-123.1265253,4.2,871.0,2,49.282758,-123.122092,6.0,19.0,25.0,affordable,692.4778111879417
Britannia Parking Lot,Fujiya Japanese Foods,49.276572,-123.077019,No rating available,No popularity available,No price available,Glen & Union,49.27649,-123.07684,3.9,138.0,1,49.275882,-123.071865,5.0,9.0,14.0,cheap,381.6878110680045
Sasamat & 10th,Ginger & Chili Restaurant,49.263931,-123.206592,No rating available,No popularity available,No price available,Sasamat & 10th,49.2639293,-123.2064836,2.9,48.0,1,49.264019,-123.209176,14.0,8.0,22.0,cheap,187.75800860021164
Britannia Parking Lot,Ginger Sushi,49.271667,-123.069788,No rating available,No popularity available,No price available,Grant & Commercial,49.2717778,-123.0697249,3.9,85.0,2,49.275882,-123.071865,5.0,9.0,14.0,affordable,492.3135703518803
Sasamat & 10th,Gold Train Express,49.263702,-123.210139,No rating available,No popularity available,No price available,Sasamat & 10th,49.26355,-123.21015,3.2,45.0,1,49.264019,-123.209176,14.0,8.0,22.0,cheap,78.2653292027419
East Blvd & 37th,Golden Ocean Seafood Restaurant,49.234366,-123.153385,No rating available,No popularity available,No price available,Arbutus & Nanton,49.2343601354469,-123.153391312863,3.4,106.0,2,49.238105,-123.154966,3.0,16.0,19.0,affordable,431.31258021221726
Orchard Commons,Grand Noodle Emporium,49.266626,-123.250111,No rating available,No popularity available,No price available,War Memorial Gym,49.266735,-123.250031,2.0,22.0,1,49.259999,-123.250902,9.0,17.0,26.0,cheap,739.1208405374842
Strangway Building,Great Dane Coffee,49.270088,-123.250898,No rating available,No popularity available,No price available,Orchard Commons,49.2700488028238,-123.250755445288,4.1,67.0,1,49.2661,-123.24568,12.0,12.0,24.0,cheap,583.081006575615
8th & Macdonald,Green Leaf Sushi,49.264138,-123.18018,No rating available,No popularity available,No price available,8th & Macdonald,49.2642679,-123.1801,3.9,413.0,2,49.264928,-123.168068,5.0,17.0,22.0,affordable,883.2525342837274
Maple Tree Square,Gringo,49.283244,-123.105171,No rating available,No popularity available,No price available,Maple Tree Square,49.2831553214634,-123.105335897068,4.3,301.0,1,49.283482,-123.103738,23.0,2.0,25.0,cheap,107.25806960789366
Comox & Broughton,Gurkha Himalayan Kitchen,49.281122,-123.132086,No rating available,No popularity available,No price available,Bute & Comox,49.2811737,-123.1321411,4.1,227.0,2,49.285253,-123.134356,11.0,1.0,12.0,affordable,487.96504403903134
Chilco & Barclay,Guu with Garlic,49.290278,-123.133923,No rating available,No popularity available,No price available,Chilco & Barclay,49.290249,-123.1338142,4.3,1098.0,2,49.291909,-123.140713,10.0,7.0,17.0,affordable,524.7670314370009
Chilco & Barclay,H2 Kitchen + Bar,49.292136,-123.129133,No rating available,No popularity available,No price available,Cardero & Robson,49.29164,-123.12932,3.7,85.0,2,49.291909,-123.140713,10.0,7.0,17.0,affordable,840.1813491879051
8th & Macdonald,Haidilao Hotpot,49.264402,-123.175662,No rating available,No popularity available,No price available,8th & Macdonald,49.26395,-123.17622,4.4,62.0,0,49.264928,-123.168068,5.0,17.0,22.0,0,554.1312772990798
St George & Broadway,Hail Mary's,49.262352,-123.089604,No rating available,No popularity available,No price available,St George & Broadway,49.2623351,-123.0894392,4.4,19.0,0,49.262321,-123.09306,2.0,12.0,14.0,0,250.80982759262685
30th & Ontario,Haiyi Seafood Restaurant,49.242133,-123.101268,No rating available,No popularity available,No price available,30th & Ontario,49.2420795568868,-123.101093755786,3.4,47.0,2,49.243375,-123.104978,9.0,13.0,22.0,affordable,302.66891071178446
Wallace & 4th,Handi Grill,49.264111,-123.184313,No rating available,No popularity available,No price available,Dunbar & 6th,49.264072,-123.184133,3.6,80.0,2,49.268974,-123.190701,11.0,7.0,18.0,affordable,712.2084401043957
Charles & Woodland,Harbour Oyster + Bar,49.271939,-123.069324,No rating available,No popularity available,No price available,Britannia Parking Lot,49.2718946138822,-123.069181591272,4.1,86.0,2,49.2731,-123.0732,5.0,9.0,14.0,affordable,309.42316033996224
Dunbar & 6th,Harvest Deli,49.264249,-123.171919,No rating available,No popularity available,No price available,8th & Macdonald,49.2642749,-123.1715916,4.5,152.0,1,49.266636,-123.183661,3.0,12.0,15.0,cheap,892.3953749163796
Britannia Parking Lot,Havana,49.273731,-123.069395,No rating available,No popularity available,No price available,Britannia Parking Lot,49.273708,-123.069271,3.5,409.0,2,49.275882,-123.071865,5.0,9.0,14.0,affordable,298.85906475499036
30th & Ontario,Hawkers Delight Deli,49.248411,-123.101315,No rating available,No popularity available,No price available,30th & Ontario,49.248375,-123.101287,3.9,369.0,2,49.243375,-123.104978,9.0,13.0,22.0,affordable,619.8996013643974
Robson & Hornby,Hawksworth Restaurant,49.283302,-123.11938,No rating available,No popularity available,No price available,Robson & Hornby,49.2833971,-123.1191704,4.1,708.0,3,49.282758,-123.122092,6.0,19.0,25.0,moderate,205.80525753920205
30th & Ontario,Helen's Grill,49.248684,-123.100852,No rating available,No popularity available,No price available,27th & Main,49.24863,-123.10067,3.3,93.0,1,49.243375,-123.104978,9.0,13.0,22.0,cheap,661.9642454767676
Lakewood & Triumph,Henry's Hip Eats,49.283809,-123.073576,No rating available,No popularity available,No price available,Triumph & Victoria,49.2834761,-123.0737398,4.7,10.0,0,49.283968,-123.061615,4.0,12.0,16.0,0,867.7561502169452
13th & Cambie,Hokkaido Ramen Santouka,49.263015,-123.116994,No rating available,No popularity available,No price available,Olympic Village Station,49.263127,-123.1168917,4.2,241.0,2,49.259579,-123.114769,6.0,8.0,14.0,affordable,414.78194767752797
Richards & Smithe,Honey Salt,49.275175,-123.11284,No rating available,No popularity available,No price available,Robson & Beatty,49.2753742,-123.1128477,3.5,298.0,2,49.279259,-123.119145,4.0,12.0,16.0,affordable,644.5370340245801
East Blvd & 37th,Honolulu Coffee,49.23434,-123.154841,No rating available,No popularity available,No price available,Arbutus & Nanton,49.2344233,-123.154854,3.9,78.0,2,49.238105,-123.154966,3.0,16.0,19.0,affordable,418.74725645277795
15th & Victoria (Trout Lake),Hon’s Wonton House,49.26262,-123.070644,No rating available,No popularity available,No price available,Woodland & 10th,49.26257739188594,-123.070719278168,2.9,12.0,0,49.256857,-123.065646,3.0,15.0,18.0,0,736.3407637373349
Chestnut & McNicoll,Hoshi Japanese Cuisine,49.276783,-123.135365,No rating available,No popularity available,No price available,Beach & Hornby,49.27614416310863,-123.1341443165166,3.7,28.0,0,49.275938,-123.145939,5.0,11.0,16.0,0,772.8218914425102
Commercial & 20th,House of Dosas,49.250454,-123.076347,No rating available,No popularity available,No price available,15th & Victoria (Trout Lake),49.2503625,-123.0762445,3.8,480.0,2,49.252656,-123.067965,1.0,19.0,20.0,affordable,655.8001978375447
St George & Broadway,Ignite Pizzeria,49.262233,-123.100706,No rating available,No popularity available,No price available,Olympic Village Station,49.27724,-123.11858,4.6,36.0,0,49.262321,-123.09306,2.0,12.0,14.0,0,554.9222545129039
Alma & Point Grey,Irori Sushi,49.268507,-123.185502,No rating available,No popularity available,No price available,Dunbar & 6th,49.2684951,-123.1854448,3.8,55.0,2,49.27247,-123.185643,16.0,8.0,24.0,affordable,440.78422328002324
Lakewood & Triumph,It's Okay,49.281337,-123.055189,No rating available,No popularity available,No price available,Lakewood & Triumph,49.28129507769995,-123.05506445467472,3.8,4.0,0,49.283968,-123.061615,4.0,12.0,16.0,0,550.3176599617574
Wallace & 4th,Itosugi Kappo Cuisine,49.264198,-123.184888,No rating available,No popularity available,No price available,Dunbar & 6th,49.264094,-123.184705,4.5,32.0,0,49.268974,-123.190701,11.0,7.0,18.0,0,678.1858237018316
Robson & Hornby,JINYA Ramen Bar - Vancouver Downtown,49.280369,-123.117907,No rating available,No popularity available,No price available,Richards & Robson,49.28031515071204,-123.1179057,3.8,478.0,2,49.282758,-123.122092,6.0,19.0,25.0,affordable,403.38644794865684
Robson & Hornby,JOEY Burrard,49.282707,-123.123298,No rating available,No popularity available,No price available,Robson & Hornby,49.28259066168153,-123.12317650349448,4.1,634.0,2,49.282758,-123.122092,6.0,19.0,25.0,affordable,87.66136004989751
Lakewood & Triumph,Jackalope's Neighbourhood Dive,49.28136,-123.058843,No rating available,No popularity available,No price available,Britannia Parking Lot,49.2812849,-123.0586541,4.3,128.0,2,49.283968,-123.061615,4.0,12.0,16.0,affordable,352.88303979952883
Thornton & National,Jade Dynasty Restaurant,49.280572,-123.100887,No rating available,No popularity available,No price available,Georgia & Main,49.28066,-123.10097,3.5,218.0,2,49.273777,-123.092723,7.0,7.0,14.0,affordable,960.0211925990055
Robson & Hornby,Jam Cafe,49.280306,-123.109627,No rating available,No popularity available,No price available,Burrard & 14th,49.2682705,-123.1539827,4.3,267.0,2,49.282758,-123.122092,6.0,19.0,25.0,affordable,944.3900990658018
Arbutus & 10th,Jam Cafe,49.268376,-123.153947,No rating available,No popularity available,No price available,Burrard & 14th,49.2682705,-123.1539827,4.3,267.0,2,49.262835,-123.152626,2.0,16.0,18.0,affordable,623.542489970777
Robson & Hornby,Japadog,49.280189,-123.118297,No rating available,No popularity available,No price available,Smithe & Burrard,49.2822782,-123.1247563,4.5,2.0,0,49.282758,-123.122092,6.0,19.0,25.0,0,396.71152770635086
Stanley Park - Vancouver Aquarium,Jingle Bao,49.291544,-123.135005,No rating available,No popularity available,No price available,Chilco & Barclay,49.291609,-123.134917,4.1,210.0,2,49.299292,-123.130281,2.0,14.0,16.0,affordable,927.1471924746701
Dunbar & 6th,Jo's Italian Deli,49.264224,-123.186106,No rating available,No popularity available,No price available,Dunbar & 6th,49.2642192,-123.1860777,3.6,53.0,2,49.266636,-123.183661,3.0,12.0,15.0,affordable,321.56988661150183
Robson & Hornby,Joe Fortes Seafood & Chop House,49.284956,-123.124545,No rating available,No popularity available,No price available,Robson & Hornby,49.28496869177162,-123.12455980835064,4.0,1371.0,3,49.282758,-123.122092,6.0,19.0,25.0,moderate,302.3110141322446
14th & Alder,John 3:16 Malaysian Delights,49.263686,-123.128163,No rating available,No popularity available,No price available,Burrard & 14th,49.26371,-123.12812,4.1,66.0,2,49.258819,-123.131317,4.0,10.0,14.0,affordable,587.5937196327817
13th & Cambie,Joon's Kitchen,49.258033,-123.127274,No rating available,No popularity available,No price available,Heather & 16th,49.25814006151812,-123.1271603431787,4.0,71.0,0,49.259579,-123.114769,6.0,8.0,14.0,0,923.6344105395887
Stanley Park - Second Beach South,Jungle Room,49.28999,-123.138117,No rating available,No popularity available,No price available,Chilco & Barclay,49.289897,-123.138111,3.9,34.0,0,49.294318,-123.148808,15.0,3.0,18.0,0,912.544210281299
Thornton & National,Kam Wai Dim Sum,49.280576,-123.098454,No rating available,No popularity available,No price available,Alexander & Railway,49.28048,-123.098438,3.9,88.0,1,49.273777,-123.092723,7.0,7.0,14.0,cheap,862.788242273126
28th & Willow,Kim Express,49.248444,-123.125726,No rating available,No popularity available,No price available,28th & Willow,49.2489891,-123.1261215,3.4,30.0,2,49.246243,-123.124373,3.0,17.0,20.0,affordable,263.7101755404043
Beach & Cardero,Kinara Indian Cuisine,49.283083,-123.135741,No rating available,No popularity available,No price available,Harwood & Bute,49.2831201857873,-123.135653703493,4.2,46.0,0,49.283298,-123.142288,10.0,11.0,21.0,0,475.486481262141
Chilco & Barclay,Kintaro Ramen,49.291508,-123.135083,No rating available,No popularity available,No price available,Stanley Park - Third Beach Parking Lot,49.2916373,-123.135091,3.8,842.0,2,49.291909,-123.140713,10.0,7.0,17.0,affordable,410.72767555616815
Thornton & National,Kissa Tanto,49.28055,-123.098127,No rating available,No popularity available,No price available,Thornton & National,49.2806222,-123.09811350061167,4.1,314.0,4,49.273777,-123.092723,7.0,7.0,14.0,expensive,849.0458251741193
8th & Macdonald,Kitstaya Sushi,49.264315,-123.174195,No rating available,No popularity available,No price available,Balaclava & Broadway,49.2644547207259,-123.17414126982108,3.3,99.0,1,49.264928,-123.168068,5.0,17.0,22.0,cheap,449.7826798377164
Commercial & 20th,Knight Street Cafe,49.249738,-123.076367,No rating available,No popularity available,No price available,15th & Victoria (Trout Lake),49.2496779,-123.07631192270182,4.3,90.0,2,49.252656,-123.067965,1.0,19.0,20.0,affordable,690.7780015568608
Sasamat & 10th,Koi Sushi,49.263687,-123.2103,No rating available,No popularity available,No price available,Sasamat & 10th,49.263724,-123.2100351,4.1,24.0,0,49.264019,-123.209176,14.0,8.0,22.0,0,89.52679654339023
Campbell & Hastings,Kokomo,49.279196,-123.097363,No rating available,No popularity available,No price available,15th & Victoria (Trout Lake),49.25387279247421,-123.06817945092918,4.9,7.0,0,49.280852,-123.084746,9.0,6.0,15.0,0,933.5699317298283
Maple Tree Square,Kokoro Tokyo Mazesoba,49.283401,-123.115164,No rating available,No popularity available,No price available,Burrard & 14th,49.268242,-123.146505,3.9,16.0,2,49.283482,-123.103738,23.0,2.0,25.0,affordable,828.8269253981686
East Blvd & 37th,Kokoro Tokyo Mazesoba,49.234901,-123.159105,No rating available,No popularity available,No price available,Burrard & 14th,49.268242,-123.146505,3.9,16.0,2,49.238105,-123.154966,3.0,16.0,19.0,affordable,466.0803050001523
Chilco & Barclay,Kosoo Restaurant,49.289064,-123.132602,No rating available,No popularity available,No price available,Cardero & Robson,49.2890856,-123.1326402,3.7,182.0,2,49.291909,-123.140713,10.0,7.0,17.0,affordable,667.9118079254996
St George & Broadway,Kranky Cafe,49.267206,-123.09975,No rating available,No popularity available,No price available,5th & Main,49.267041,-123.0997387,4.2,47.0,1,49.262321,-123.09306,2.0,12.0,14.0,cheap,728.4938251538424
Yew & Broadway,LOCAL Public Eatery Kitsilano,49.272458,-123.155433,No rating available,No popularity available,No price available,Chestnut & McNicoll,49.2723249,-123.155348375446,3.6,305.0,2,49.263523,-123.155267,8.0,10.0,18.0,affordable,993.5996742579563
Morton & Denman,La Belle Patate,49.282095,-123.133548,No rating available,No popularity available,No price available,Bute & Comox,49.2820547306569,-123.133442922354,4.1,586.0,2,49.28803,-123.142135,13.0,13.0,26.0,affordable,907.43785048111
Britannia Parking Lot,La Grotta Del Formaggio,49.268804,-123.06987,No rating available,No popularity available,No price available,Britannia Parking Lot,49.2688848,-123.0697849,4.4,214.0,1,49.275882,-123.071865,5.0,9.0,14.0,cheap,800.2359732380496
Dunbar & 6th,La Quercia,49.268769,-123.185443,No rating available,No popularity available,No price available,Dunbar & 6th,49.2687649,-123.1853601,4.1,214.0,3,49.266636,-123.183661,3.0,12.0,15.0,moderate,270.1326102816168
8th & Macdonald,LanZhou Beef Noodle,49.264381,-123.176471,No rating available,No popularity available,No price available,8th & Macdonald,49.264434,-123.176648,4.3,6.0,0,49.264928,-123.168068,5.0,17.0,22.0,0,612.764874394299
Heather & 16th,Landmark Hotpot House,49.249755,-123.115621,No rating available,No popularity available,No price available,King Edward & Cambie,49.2498660758194,-123.11556053834,3.9,126.0,3,49.256845,-123.120071,6.0,6.0,12.0,moderate,851.9644984131002
Robson & Hornby,Le Crocodile Restaurant,49.282578,-123.125234,No rating available,No popularity available,No price available,Smithe & Burrard,49.2825393,-123.1252052,4.3,476.0,4,49.282758,-123.122092,6.0,19.0,25.0,expensive,228.7838297408267
Chilco & Barclay,Legendary Noodle House,49.288425,-123.139849,No rating available,No popularity available,No price available,Morton & Denman,49.2883958,-123.13983,3.7,245.0,2,49.291909,-123.140713,10.0,7.0,17.0,affordable,392.4380242240502
St George & Broadway,Les Faux Bourgeois,49.257306,-123.089824,No rating available,No popularity available,No price available,St George & Broadway,49.2572813531481,-123.089767330802,3.9,496.0,2,49.262321,-123.09306,2.0,12.0,14.0,affordable,605.0719883150267
8th & Macdonald,Linh Cafe,49.268162,-123.168931,No rating available,No popularity available,No price available,Nelson & Richards,49.2746716,-123.12989802,3.9,341.0,2,49.264928,-123.168068,5.0,17.0,22.0,affordable,365.01563242966523
Orchard Commons,Loafe Cafe,49.265967,-123.250135,No rating available,No popularity available,No price available,Orchard Commons,49.2660042,-123.2492292,3.7,42.0,1,49.259999,-123.250902,9.0,17.0,26.0,cheap,665.9412016001071
St George & Broadway,Lucy's Eastside Diner,49.260971,-123.100761,No rating available,No popularity available,No price available,Prince Edward & 14th,49.2609143,-123.1008146,3.1,353.0,2,49.262321,-123.09306,2.0,12.0,14.0,affordable,578.644665028396
Burrard & 14th,Maenam,49.267913,-123.148961,No rating available,No popularity available,No price available,Burrard & 14th,49.26787,-123.1488979,3.9,415.0,2,49.259469,-123.145718,5.0,13.0,18.0,affordable,967.9702984597618
King Edward & Cambie,Mandarin Hong Kong Cafe,49.248583,-123.12517,No rating available,No popularity available,No price available,Heather & 18th,49.24863584054912,-123.12525091003072,3.3,57.0,2,49.249184,-123.116141,6.0,8.0,14.0,affordable,658.7703151805291
8th & Macdonald,Maria's Taverna,49.268087,-123.158139,No rating available,No popularity available,No price available,Yew & Broadway,49.2680721,-123.1583754,3.6,114.0,2,49.264928,-123.168068,5.0,17.0,22.0,affordable,801.512690646687
Olympic Village Station,Marulilu Cafe,49.263328,-123.11402,No rating available,No popularity available,No price available,Olympic Village Station,49.26338,-123.11415,4.0,296.0,2,49.266314,-123.116011,13.0,7.0,20.0,affordable,362.0971599676628
Burrard & 14th,Masa Japanese Restaurant,49.263414,-123.136655,No rating available,No popularity available,No price available,14th & Alder,49.2635194,-123.1369059,3.6,154.0,2,49.259469,-123.145718,5.0,13.0,18.0,affordable,790.5435770491403
Yaletown-Roundhouse Station,Maxine's Cafe & Bar,49.277941,-123.131327,No rating available,No popularity available,No price available,Chestnut & McNicoll,49.27807,-123.13131,4.3,121.0,2,49.274566,-123.121817,8.0,8.0,16.0,affordable,785.3679908311494
Burrard & 14th,Mazahr Lebanese Kitchen,49.261545,-123.138279,No rating available,No popularity available,No price available,Burrard & 14th,49.2615511,-123.1383052,4.7,63.0,0,49.259469,-123.145718,5.0,13.0,18.0,0,587.1187759850785
Burrard & 14th,McDonald's,49.263445,-123.138117,No rating available,No popularity available,No price available,Strangway Building,49.2669334410537,-123.245478387992,2.4,28.0,1,49.259469,-123.145718,5.0,13.0,18.0,cheap,706.8962564164214
8th & Macdonald,McDonald's,49.264113,-123.17807,No rating available,No popularity available,No price available,Strangway Building,49.2669334410537,-123.245478387992,2.4,28.0,1,49.264928,-123.168068,5.0,17.0,22.0,cheap,731.4033937366329
30th & Ontario,McDonald's,49.245193,-123.101528,No rating available,No popularity available,No price available,Strangway Building,49.2669334410537,-123.245478387992,2.4,28.0,1,49.243375,-123.104978,9.0,13.0,22.0,cheap,321.8492472329994
Lakewood & Triumph,McDonald's,49.285126,-123.06395,No rating available,No popularity available,No price available,Strangway Building,49.2669334410537,-123.245478387992,2.4,28.0,1,49.283968,-123.061615,4.0,12.0,16.0,cheap,212.75400305160957
Commercial & 20th,McDonald's,49.245192,-123.06414,No rating available,No popularity available,No price available,Strangway Building,49.2669334410537,-123.245478387992,2.4,28.0,1,49.252656,-123.067965,1.0,19.0,20.0,cheap,875.165589183859
East Blvd & 37th,McDonald's,49.234773,-123.154797,No rating available,No popularity available,No price available,Strangway Building,49.2669334410537,-123.245478387992,2.4,28.0,1,49.238105,-123.154966,3.0,16.0,19.0,cheap,370.70461415102915
Trafalgar & Cornwall,McDonald's,49.26838,-123.159543,No rating available,No popularity available,No price available,Strangway Building,49.2669334410537,-123.245478387992,2.4,28.0,1,49.272969,-123.164325,13.0,7.0,20.0,cheap,617.0517467248889
Beach & Cardero,McDonald's,49.285281,-123.139012,No rating available,No popularity available,No price available,Strangway Building,49.2669334410537,-123.245478387992,2.4,28.0,1,49.283298,-123.142288,10.0,11.0,21.0,cheap,324.16452695954536
Pharmaceutical Sciences,McDonald's,49.266648,-123.242818,No rating available,No popularity available,No price available,Strangway Building,49.2669334410537,-123.245478387992,2.4,28.0,1,49.26262,-123.2431,7.0,17.0,24.0,cheap,448.3603469488237
Maple Tree Square,Meat & Bread,49.282674,-123.109342,No rating available,No popularity available,No price available,7th & Laurel,49.2632033,-123.1217764,3.6,22.0,2,49.283482,-123.103738,23.0,2.0,25.0,affordable,416.2966147042418
Hastings & Broughton,Meat & Bread,49.287267,-123.118901,No rating available,No popularity available,No price available,7th & Laurel,49.2632033,-123.1217764,3.6,22.0,2,49.290112,-123.127062,20.0,4.0,24.0,affordable,671.1266959817211
Richards & Smithe,MeeT in Yaletown,49.275006,-123.121748,No rating available,No popularity available,No price available,Yaletown-Roundhouse Station,49.2748495736666,-123.121902530398,4.1,191.0,2,49.279259,-123.119145,4.0,12.0,16.0,affordable,509.21802519493025
Orchard Commons,Mercante,49.263692,-123.255043,No rating available,No popularity available,No price available,Orchard Commons,49.2633894,-123.2560419,3.3,80.0,2,49.259999,-123.250902,9.0,17.0,26.0,affordable,508.84740217751073
14th & Fraser,Mercato Di Luigi,49.259619,-123.091318,No rating available,No popularity available,No price available,St George & Broadway,49.259654006064046,-123.0913247,4.6,10.0,0,49.257939,-123.089531,2.0,14.0,16.0,0,227.4091371978823
Britannia Parking Lot,Merci Beaucoup Cafe,49.27162,-123.069378,No rating available,No popularity available,No price available,Britannia Parking Lot,49.2714944,-123.0694551,4.0,31.0,0,49.275882,-123.071865,5.0,9.0,14.0,0,507.0973861383299
Cypress & 14th,Mi Casa Mexicana,49.267754,-123.145866,No rating available,No popularity available,No price available,7th & Arbutus,49.267770749603,-123.145790439504,3.9,33.0,0,49.25919,-123.148268,4.0,8.0,12.0,0,968.0931696850201
Dunbar & 6th,Midam Cafe,49.264402,-123.176554,No rating available,No popularity available,No price available,8th & Macdonald,49.2644249,-123.17645,4.4,49.0,0,49.266636,-123.183661,3.0,12.0,15.0,0,572.4008150759203
Robson & Hornby,Miku,49.286766,-123.112205,No rating available,No popularity available,No price available,Thornton & National,49.28691298612272,-123.11304877258942,4.4,2428.0,3,49.282758,-123.122092,6.0,19.0,25.0,moderate,844.3306002921835
Sasamat & 10th,Mix the Bakery,49.263658,-123.207055,No rating available,No popularity available,No price available,Sasamat & 10th,49.263668,-123.2069343,3.6,51.0,2,49.264019,-123.209176,14.0,8.0,22.0,affordable,159.0552453813496
28th & Willow,Mobile Viennoiserie,49.24221,-123.1136,No rating available,No popularity available,No price available,28th & Willow,49.2415865,-123.1134796,4.3,4.0,0,49.246243,-123.124373,3.0,17.0,20.0,0,901.49000440932
Richards & Cordova,Moose's Down Under,49.285558,-123.116483,No rating available,No popularity available,No price available,Robson & Hornby,49.285638,-123.11634,3.9,167.0,2,49.284554,-123.111031,16.0,0.0,16.0,affordable,410.901242138193
Alma & Point Grey,Mr. Falafel,49.263797,-123.185502,No rating available,No popularity available,No price available,Dunbar & Broadway,49.2638283148141,-123.185391084517,2.8,41.0,1,49.27247,-123.185643,16.0,8.0,24.0,cheap,964.447861217852
Point Grey & Bayswater,Mr. Red Cafe,49.263916,-123.16589,No rating available,No popularity available,No price available,8th & Macdonald,49.2640755304294,-123.165913715756,3.8,127.0,2,49.271044,-123.170661,7.0,9.0,16.0,affordable,864.8970205871278
Chilco & Beach,Mumu Kitchen,49.286475,-123.141142,No rating available,No popularity available,No price available,Chilco & Barclay,49.2865679,-123.1410355,3.7,31.0,2,49.28972,-123.144028,14.0,1.0,15.0,affordable,417.1439430165263
Commercial & 20th,My Chau Restaurant,49.247344,-123.069432,No rating available,No popularity available,No price available,Commercial & 20th,49.2473338,-123.0694909,4.2,86.0,1,49.252656,-123.067965,1.0,19.0,20.0,cheap,600.1883444513795
Strangway Building,My Home Cuisine,49.266627,-123.242735,No rating available,No popularity available,No price available,Orchard Commons,49.2664962418871,-123.242885136699,3.7,20.0,1,49.2661,-123.24568,12.0,12.0,24.0,cheap,221.57704703195796
15th & Victoria (Trout Lake),Naruto Sushi,49.259875,-123.070088,No rating available,No popularity available,No price available,15th & Victoria (Trout Lake),49.25997432766462,-123.07000585276124,3.6,118.0,1,49.256857,-123.065646,3.0,15.0,18.0,cheap,465.33337755252995
St George & Broadway,Nemesis Coffee,49.267091,-123.092602,No rating available,No popularity available,No price available,1st & Scotia,49.26704079691957,-123.09265477054645,4.2,108.0,2,49.262321,-123.09306,2.0,12.0,14.0,affordable,531.4399354630632
Robson & Hornby,Nemesis Coffee,49.282787,-123.110244,No rating available,No popularity available,No price available,1st & Scotia,49.26704079691957,-123.09265477054645,4.2,108.0,2,49.282758,-123.122092,6.0,19.0,25.0,affordable,859.4052091734279
St Catherines & 10th,Nene Chicken,49.25293,-123.082721,No rating available,No popularity available,No price available,Commercial & 20th,49.25320321803776,-123.0824580052292,3.4,31.0,0,49.261353,-123.085333,4.0,7.0,11.0,0,955.58530055213
8th & Macdonald,Neverland Tea Salon,49.264037,-123.173523,No rating available,No popularity available,No price available,Balaclava & Broadway,49.2640001,-123.1733634,4.0,283.0,3,49.264928,-123.168068,5.0,17.0,22.0,moderate,408.03797049280075
13th & Cambie,New Sun Restaurant,49.259246,-123.115213,No rating available,No popularity available,No price available,14th & Cambie,49.2592643,-123.1152101,3.5,27.0,1,49.259579,-123.114769,6.0,8.0,14.0,cheap,49.08417798911822
Thornton & National,New Town Bakery & Restaurant,49.280309,-123.100946,No rating available,No popularity available,No price available,Heather & 16th,49.25416,-123.11477,3.6,42.0,1,49.273777,-123.092723,7.0,7.0,14.0,cheap,939.8902567499225
14th & Fraser,Nha Trang Restaurant,49.26229,-123.088463,No rating available,No popularity available,No price available,8th & Fraser,49.26216,-123.08852,3.2,23.0,1,49.257939,-123.089531,2.0,14.0,16.0,cheap,489.9775944035018
Stanley Park - Information Booth,Nine Dumplings,49.28945,-123.133041,No rating available,No popularity available,No price available,Chilco & Barclay,49.289525,-123.132907,4.4,48.0,0,49.297933,-123.130758,7.0,13.0,20.0,0,957.6859875063175
Lakewood & Triumph,Nonna's Cucina,49.28099,-123.060029,No rating available,No popularity available,No price available,Britannia Parking Lot,49.280915,-123.060235,4.6,35.0,0,49.283968,-123.061615,4.0,12.0,16.0,0,350.5528705329735
Olympic Village Station,Nook,49.269521,-123.109276,No rating available,No popularity available,No price available,Chilco & Barclay,49.2917554,-123.1352974,4.2,331.0,2,49.266314,-123.116011,13.0,7.0,20.0,affordable,604.9514874891898
Yew & Broadway,Nook,49.272283,-123.155174,No rating available,No popularity available,No price available,Chilco & Barclay,49.2917554,-123.1352974,4.2,331.0,2,49.263523,-123.155267,8.0,10.0,18.0,affordable,974.0909298012539
Orchard Commons,Nori Bento & Udon,49.266216,-123.247563,No rating available,No popularity available,No price available,Orchard Commons,49.2662138,-123.2476937,3.2,35.0,2,49.259999,-123.250902,9.0,17.0,26.0,affordable,732.5296042693271
Cypress & 16th,Obanhmi,49.263831,-123.142124,No rating available,No popularity available,No price available,Pine & 10th,49.26364629001328,-123.1422828754677,4.5,11.0,0,49.25741,-123.148531,6.0,6.0,12.0,0,852.0229382261541
Arbutus & 10th,Oddfish,49.270914,-123.147434,No rating available,No popularity available,No price available,Burrard & 14th,49.2708136,-123.1475237,4.1,90.0,3,49.262835,-123.152626,2.0,16.0,18.0,moderate,974.1372557103349
Chilco & Barclay,Olympia Restaurant,49.289408,-123.138229,No rating available,No popularity available,No price available,Stanley Park - Third Beach Parking Lot,49.2891023,-123.1387641,3.2,153.0,2,49.291909,-123.140713,10.0,7.0,17.0,affordable,331.3494638391488
Orchard Commons,Only U Cafe,49.265979,-123.242355,No rating available,No popularity available,No price available,Strangway Building,49.2660288,-123.2422638,3.5,28.0,2,49.259999,-123.250902,9.0,17.0,26.0,affordable,909.2916968363706
Olympic Village Station,Ophelia,49.269552,-123.108061,No rating available,No popularity available,No price available,Olympic Village Station,49.2694549,-123.1083881,3.6,78.0,0,49.266314,-123.116011,13.0,7.0,20.0,0,679.9764624815764
East Blvd & 37th,Orange Corner,49.234798,-123.15869,No rating available,No popularity available,No price available,Arbutus & Nanton,49.2347874,-123.158874,2.6,62.0,1,49.238105,-123.154966,3.0,16.0,19.0,cheap,456.4231005484727
Point Grey & Blenheim,Orange Corner,49.26428,-123.171597,No rating available,No popularity available,No price available,Arbutus & Nanton,49.2347874,-123.158874,2.6,62.0,1,49.271471,-123.17731,4.0,9.0,13.0,cheap,900.6615121853404
Heather & 18th,Osaka Sushi,49.248485,-123.125892,No rating available,No popularity available,No price available,King Edward & Cambie,49.248529409778,-123.125809548424,3.3,59.0,2,49.255034,-123.120226,5.0,11.0,16.0,affordable,836.3130033157438
St George & Broadway,Osteria Savio Volpe,49.257425,-123.09097,No rating available,No popularity available,No price available,St George & Broadway,49.2574913,-123.0909344,4.2,473.0,3,49.262321,-123.09306,2.0,12.0,14.0,moderate,565.1426597282212
Thornton & National,Oyster Express,49.279309,-123.097372,No rating available,No popularity available,No price available,Thornton & National,49.2792784082144,-123.097397130932,4.5,171.0,2,49.273777,-123.092723,7.0,7.0,14.0,affordable,701.5193124614277
Richards & Cordova,Palate Kitchen,49.286535,-123.115512,No rating available,No popularity available,No price available,Canada Place,49.286331,-123.1157402,4.0,136.0,2,49.284554,-123.111031,16.0,0.0,16.0,affordable,392.626177751816
Britannia Parking Lot,Pallet Coffee Roasters,49.28179,-123.063911,No rating available,No popularity available,No price available,28th & Willow,49.2513305953315,-123.12799708125,3.7,14.0,0,49.275882,-123.071865,5.0,9.0,14.0,0,874.351166333744
Robson & Hornby,Pallet Coffee Roasters,49.279891,-123.123788,No rating available,No popularity available,No price available,28th & Willow,49.2513305953315,-123.12799708125,3.7,14.0,0,49.282758,-123.122092,6.0,19.0,25.0,0,341.7098278764633
14th & Alder,Pallet Coffee Roasters,49.251493,-123.127284,No rating available,No popularity available,No price available,28th & Willow,49.2513305953315,-123.12799708125,3.7,14.0,0,49.258819,-123.131317,4.0,10.0,14.0,0,865.6030914914505
Wallace & 4th,Papa John's Pizza,49.268337,-123.185487,No rating available,No popularity available,No price available,Trimble & 8th,49.268307263848826,-123.1854186343412,3.2,23.0,2,49.268974,-123.190701,11.0,7.0,18.0,affordable,384.8815217084534
Carolina & Great Northern Way,Papa John's Pizza,49.271586,-123.09485,No rating available,No popularity available,No price available,Trimble & 8th,49.268307263848826,-123.1854186343412,3.2,23.0,2,49.267266,-123.090786,9.0,6.0,15.0,affordable,563.641948025285
Lakewood & Triumph,Passion8 Dessert Cafe,49.28136,-123.058843,No rating available,No popularity available,No price available,13th & Cambie,49.258435242883,-123.11499774456,4.1,219.0,2,49.283968,-123.061615,4.0,12.0,16.0,affordable,352.88303979952883
Heather & 16th,Passion8 Dessert Cafe,49.25837,-123.114814,No rating available,No popularity available,No price available,13th & Cambie,49.258435242883,-123.11499774456,4.1,219.0,2,49.256845,-123.120071,6.0,6.0,12.0,affordable,417.5008415127337
Olympic Village Station,Peaceful Restaurant,49.263051,-123.116024,No rating available,No popularity available,No price available,Olympic Village Station,49.263147,-123.116143,3.7,646.0,2,49.266314,-123.116011,13.0,7.0,20.0,affordable,362.83027187245193
8th & Macdonald,Peaceful Restaurant,49.268082,-123.15968,No rating available,No popularity available,No price available,Olympic Village Station,49.263147,-123.116143,3.7,646.0,2,49.264928,-123.168068,5.0,17.0,22.0,affordable,702.441472075336
Chilco & Barclay,Peaked Pies,49.28964,-123.138493,No rating available,No popularity available,No price available,Chilco & Barclay,49.2896489,-123.1384797,4.4,215.0,2,49.291909,-123.140713,10.0,7.0,17.0,affordable,299.29536478586454
Britannia Parking Lot,Pepino's,49.278808,-123.070636,No rating available,No popularity available,No price available,Britannia Parking Lot,49.2787695,-123.0705849,4.1,166.0,3,49.275882,-123.071865,5.0,9.0,14.0,moderate,337.35072707209474
Richards & Smithe,Per Se Social Corner,49.27863,-123.118488,No rating available,No popularity available,No price available,Beatty & Nelson,49.2785831916346,-123.118480343303,3.5,285.0,2,49.279259,-123.119145,4.0,12.0,16.0,affordable,84.63599195034355
Balaclava & Broadway,Petite Bao,49.264229,-123.169161,No rating available,No popularity available,No price available,8th & Macdonald,49.264246943743714,-123.1690986,4.7,21.0,0,49.264483,-123.173926,5.0,13.0,18.0,0,346.9117627015949
Thornton & National,Phnom Penh,49.278403,-123.098188,No rating available,No popularity available,No price available,Thornton & National,49.278431,-123.098205,4.2,1817.0,2,49.273777,-123.092723,7.0,7.0,14.0,affordable,649.4420048935856
Stanley Park - Information Booth,Pho 37,49.289131,-123.132203,No rating available,No popularity available,No price available,Cardero & Robson,49.28909,-123.13232,4.6,48.0,0,49.297933,-123.130758,7.0,13.0,20.0,0,984.3315871014512
Olympic Village Station,Pho Extreme Xe Lua,49.26339,-123.114269,No rating available,No popularity available,No price available,10th & Cambie,49.2633568993769,-123.114155144333,2.6,106.0,1,49.266314,-123.116011,13.0,7.0,20.0,cheap,348.8405052069708
8th & Macdonald,Pho Japolo,49.264239,-123.168756,No rating available,No popularity available,No price available,8th & Macdonald,49.2642944822974,-123.168611359253,3.9,67.0,2,49.264928,-123.168068,5.0,17.0,22.0,affordable,91.44330974467726
Lakewood & Triumph,Pho Win,49.281047,-123.060926,No rating available,No popularity available,No price available,Lakewood & Triumph,49.2810251,-123.0610141,3.6,43.0,1,49.283968,-123.061615,4.0,12.0,16.0,cheap,328.6228875972173
Commercial & 20th,Pink Peppercorn Seafood House,49.24934,-123.073657,No rating available,No popularity available,No price available,15th & Victoria (Trout Lake),49.2493583,-123.0739159,4.3,161.0,3,49.252656,-123.067965,1.0,19.0,20.0,moderate,553.7496331646375
22nd & Main,Pizza Hut,49.254385,-123.101255,No rating available,No popularity available,No price available,Sasamat & 10th,49.2637357,-123.2105711,2.9,14.0,0,49.25094,-123.101306,2.0,12.0,14.0,0,383.0844059278888
Sasamat & 10th,Pizza Hut,49.263728,-123.210465,No rating available,No popularity available,No price available,Sasamat & 10th,49.2637357,-123.2105711,2.9,14.0,0,49.264019,-123.209176,14.0,8.0,22.0,0,98.97281686467886
Thornton & National,Pizzeria Farina,49.276561,-123.10014,No rating available,No popularity available,No price available,Thornton & National,49.27662275332361,-123.10011416319465,4.2,235.0,2,49.273777,-123.092723,7.0,7.0,14.0,affordable,620.7731452951554
Stanley Park - Information Booth,Pokerrito,49.289954,-123.133733,No rating available,No popularity available,No price available,8th & Yukon,49.26363,-123.11203,5.0,3.0,0,49.297933,-123.130758,7.0,13.0,20.0,0,913.0785325512195
Charles & Woodland,Portuguese Club of Vancouver,49.274313,-123.069282,No rating available,No popularity available,No price available,Napier & Commercial,49.2744271,-123.0693279,3.6,25.0,2,49.2731,-123.0732,5.0,9.0,14.0,affordable,314.6238580308907
Georgia & Main,Pourhouse Restaurant,49.284105,-123.108409,No rating available,No popularity available,No price available,Maple Tree Square,49.2841134475502,-123.10842879595,4.0,590.0,2,49.278529,-123.100017,15.0,5.0,20.0,affordable,868.8996134261364
Lakewood & Triumph,Princeton Pub,49.285019,-123.065077,No rating available,No popularity available,No price available,Lakewood & Triumph,49.28499,-123.06503,3.3,32.0,1,49.283968,-123.061615,4.0,12.0,16.0,cheap,276.97151082105813
8th & Macdonald,Pure Delight Café,49.264083,-123.176608,No rating available,No popularity available,No price available,Blenheim & 4th,49.2640833,-123.1767334,3.5,38.0,2,49.264928,-123.168068,5.0,17.0,22.0,affordable,626.764445182292
Alexander & Main,Purebread,49.282519,-123.109166,No rating available,No popularity available,No price available,8th & Macdonald,49.26436,-123.17016,4.3,34.0,0,49.284157,-123.099917,15.0,5.0,20.0,0,695.1570020086558
8th & Macdonald,Raisu,49.268036,-123.158378,No rating available,No popularity available,No price available,Burrard & 14th,49.2679990419609,-123.158381134272,4.2,530.0,3,49.264928,-123.168068,5.0,17.0,22.0,moderate,783.4441138865224
Dunbar & 6th,Rajio Japanese Public House,49.263621,-123.187027,No rating available,No popularity available,No price available,Dunbar & 6th,49.2636549,-123.1870301,4.0,134.0,2,49.266636,-123.183661,3.0,12.0,15.0,affordable,414.78699542172546
Chilco & Barclay,Red Umbrella Cafe,49.286418,-123.140245,No rating available,No popularity available,No price available,Bidwell & Burnaby,49.28666,-123.14036,3.6,206.0,2,49.291909,-123.140713,10.0,7.0,17.0,affordable,611.5140504945322
McNicoll & Arbutus,RedBeef Noodle Kitchen,49.26833,-123.149078,No rating available,No popularity available,No price available,Thornton & National,49.279908,-123.0995163,4.2,35.0,2,49.276292,-123.150592,26.0,4.0,30.0,affordable,892.1219288134306
Sasamat & 10th,Rice Burger,49.263507,-123.208906,No rating available,No popularity available,No price available,Sasamat & 10th,49.26342101277164,-123.2088827705523,4.3,94.0,2,49.264019,-123.209176,14.0,8.0,22.0,affordable,60.20864174346675
Chestnut & McNicoll,Robba Da Matti,49.270559,-123.147566,No rating available,No popularity available,No price available,Thornton & National,49.28314632351484,-123.10375675641404,4.6,24.0,0,49.275938,-123.145939,5.0,11.0,16.0,0,609.6535824983837
Stanley Park - Information Booth,Robba da Matti,49.29175,-123.138511,No rating available,No popularity available,No price available,Olympic Village Station,49.2753397,-123.1208967,4.2,541.0,2,49.297933,-123.130758,7.0,13.0,20.0,affordable,888.1345161829178
Robson & Hornby,Rodney's Oyster House,49.274378,-123.123236,No rating available,No popularity available,No price available,Richards & Smithe,49.274326,-123.123131,4.0,886.0,2,49.282758,-123.122092,6.0,19.0,25.0,affordable,935.5016324611705
Olympic Village Station,Rogue Kitchen & Wetbar,49.263123,-123.117652,No rating available,No popularity available,No price available,8th & Ash,49.263047,-123.117827,3.4,161.0,2,49.266314,-123.116011,13.0,7.0,20.0,affordable,374.2699790147861
Maple Tree Square,Rogue Kitchen & Wetbar,49.285474,-123.11169,No rating available,No popularity available,No price available,8th & Ash,49.263047,-123.117827,3.4,161.0,2,49.283482,-123.103738,23.0,2.0,25.0,affordable,617.8504165878354
8th & Macdonald,Sahel Market & Restaurant,49.264381,-123.176471,No rating available,No popularity available,No price available,8th & Macdonald,49.26436103578125,-123.17628114405936,4.4,63.0,1,49.264928,-123.168068,5.0,17.0,22.0,cheap,612.764874394299
Chilco & Barclay,Saku,49.291333,-123.134825,No rating available,No popularity available,No price available,Chilco & Barclay,49.289223,-123.132266,4.4,465.0,2,49.291909,-123.140713,10.0,7.0,17.0,affordable,431.7883093353556
14th & Alder,Salmon n' Bannock,49.263305,-123.129752,No rating available,No popularity available,No price available,Olympic Village Station,49.2631378,-123.1296705,4.5,242.0,2,49.258819,-123.131317,4.0,10.0,14.0,affordable,511.585267391612
30th & Ontario,Sawasdee Thai Restaurant,49.247047,-123.100956,No rating available,No popularity available,No price available,30th & Ontario,49.24703,-123.1008,4.0,355.0,2,49.243375,-123.104978,9.0,13.0,22.0,affordable,501.9517448844262
Morton & Denman,Score on Davie,49.282285,-123.134538,No rating available,No popularity available,No price available,Bute & Comox,49.2823221457395,-123.134614739512,4.3,368.0,2,49.28803,-123.142135,13.0,13.0,26.0,affordable,843.6305722771692
Orchard Commons,Sesame,49.266159,-123.248449,No rating available,No popularity available,No price available,Orchard Commons,49.2661235,-123.2483732,4.0,14.0,0,49.259999,-123.250902,9.0,17.0,26.0,0,707.7113423163462
28th & Willow,Shaughnessy Restaurant,49.238654,-123.129837,No rating available,No popularity available,No price available,28th & Willow,49.2386894943567,-123.129515433868,2.8,124.0,2,49.246243,-123.124373,3.0,17.0,20.0,affordable,932.4343630027759
14th & Fraser,Shilla Korean Restaurant,49.253806,-123.083119,No rating available,No popularity available,No price available,15th & Victoria (Trout Lake),49.25383,-123.08289,3.4,40.0,2,49.257939,-123.089531,2.0,14.0,16.0,affordable,654.0293725374657
Pacific & Richards,Shizen Ya,49.280725,-123.124913,No rating available,No popularity available,No price available,Robson & Hornby,49.2808844,-123.1246278,4.2,601.0,2,49.273663,-123.127075,11.0,3.0,14.0,affordable,800.7681112219694
Chestnut & McNicoll,Siegel's Bagels,49.272737,-123.147184,No rating available,No popularity available,No price available,Chestnut & McNicoll,49.2726049,-123.1474785,3.5,187.0,1,49.275938,-123.145939,5.0,11.0,16.0,cheap,367.21622801867386
Maple Tree Square,Six Acres,49.283285,-123.104445,No rating available,No popularity available,No price available,Maple Tree Square,49.283363150344336,-123.1044223000027,3.9,303.0,2,49.283482,-123.103738,23.0,2.0,25.0,affordable,55.76448219806235
Woodland & 10th,Social,49.26851,-123.069358,No rating available,No popularity available,No price available,Britannia Parking Lot,49.26848,-123.06947,3.7,34.0,2,49.261263,-123.073707,10.0,4.0,14.0,affordable,865.4168383159907
Britannia Parking Lot,Sopra Sotto,49.27109,-123.069252,No rating available,No popularity available,No price available,Britannia Parking Lot,49.2711051,-123.0694651,4.0,156.0,2,49.275882,-123.071865,5.0,9.0,14.0,affordable,565.5634174593841
14th & Fraser,Sprezzatura,49.26132,-123.097709,No rating available,No popularity available,No price available,St George & Broadway,49.2613547,-123.0978287,4.0,71.0,0,49.257939,-123.089531,2.0,14.0,16.0,0,702.5298904987065
Pacific & Richards,Straight Outta Brooklyn NYC Pizzeria,49.279139,-123.116747,No rating available,No popularity available,No price available,14th & Fraser,49.25682,-123.08919,3.9,72.0,1,49.273663,-123.127075,11.0,3.0,14.0,cheap,965.467352252207
15th & Knight,Straight Outta Brooklyn NYC Pizzeria,49.256574,-123.089113,No rating available,No popularity available,No price available,14th & Fraser,49.25682,-123.08919,3.9,72.0,1,49.256496,-123.075426,10.0,4.0,14.0,cheap,993.357714310291
Lakewood & Triumph,Straight and Marrow,49.284875,-123.066282,No rating available,No popularity available,No price available,Britannia Parking Lot,49.2848302,-123.0661495,4.4,37.0,0,49.283968,-123.061615,4.0,12.0,16.0,0,353.2157721625084
Arbutus & Nanton,Subway,49.244594,-123.153936,No rating available,No popularity available,No price available,Lakewood & Triumph,49.2850075,-123.0619513,1.3,35.0,2,49.247854,-123.153422,6.0,12.0,18.0,affordable,364.41055922280685
15th & Victoria (Trout Lake),Subway,49.262421,-123.057161,No rating available,No popularity available,No price available,Lakewood & Triumph,49.2850075,-123.0619513,1.3,35.0,2,49.256857,-123.065646,3.0,15.0,18.0,affordable,872.8833177820079
15th & Victoria (Trout Lake),Subway,49.261739,-123.070002,No rating available,No popularity available,No price available,Lakewood & Triumph,49.2850075,-123.0619513,1.3,35.0,2,49.256857,-123.065646,3.0,15.0,18.0,affordable,628.1866261969255
Arbutus & 10th,Subway,49.269658,-123.145948,No rating available,No popularity available,No price available,Lakewood & Triumph,49.2850075,-123.0619513,1.3,35.0,2,49.262835,-123.152626,2.0,16.0,18.0,affordable,900.2177686787239
Orchard Commons,Subway,49.265901,-123.243159,No rating available,No popularity available,No price available,Lakewood & Triumph,49.2850075,-123.0619513,1.3,35.0,2,49.259999,-123.250902,9.0,17.0,26.0,affordable,863.937642900862
Sasamat & 10th,Subway,49.26386,-123.204964,No rating available,No popularity available,No price available,Lakewood & Triumph,49.2850075,-123.0619513,1.3,35.0,2,49.264019,-123.209176,14.0,8.0,22.0,affordable,306.1466151727567
King Edward & Cambie,Subway,49.256177,-123.115357,No rating available,No popularity available,No price available,Lakewood & Triumph,49.2850075,-123.0619513,1.3,35.0,2,49.249184,-123.116141,6.0,8.0,14.0,affordable,779.6653537491371
28th & Willow,Subway,49.250999,-123.127079,No rating available,No popularity available,No price available,Lakewood & Triumph,49.2850075,-123.0619513,1.3,35.0,2,49.246243,-123.124373,3.0,17.0,20.0,affordable,564.1404859858334
Aquatic Centre,Subway,49.279629,-123.126523,No rating available,No popularity available,No price available,Lakewood & Triumph,49.2850075,-123.0619513,1.3,35.0,2,49.27821,-123.136972,21.0,19.0,40.0,affordable,774.2299880518174
Franklin & Nanaimo,Subway,49.28081,-123.045731,No rating available,No popularity available,No price available,Lakewood & Triumph,49.2850075,-123.0619513,1.3,35.0,2,49.282087,-123.056909,3.0,17.0,20.0,affordable,823.1619055935911
Britannia Parking Lot,Sula Indian Restaurant,49.274442,-123.069131,No rating available,No popularity available,No price available,Britannia Parking Lot,49.2745279,-123.0693263,4.1,300.0,2,49.275882,-123.071865,5.0,9.0,14.0,affordable,254.9084461194266
28th & Willow,Sun Garden Chinese Restaurant,49.251416,-123.127196,No rating available,No popularity available,No price available,28th & Willow,49.2514974,-123.1272715,2.6,51.0,2,49.246243,-123.124373,3.0,17.0,20.0,affordable,610.6189550341666
30th & Ontario,Sun Sui Wah Seafood Restaurant,49.250435,-123.100757,No rating available,No popularity available,No price available,22nd & Main,49.25053,-123.1006,3.6,607.0,2,49.243375,-123.104978,9.0,13.0,22.0,affordable,842.7095443633564
Sasamat & 10th,Sun Sushi,49.263728,-123.209574,No rating available,No popularity available,No price available,Sasamat & 10th,49.2637184,-123.2095553,3.3,83.0,1,49.264019,-123.209176,14.0,8.0,22.0,cheap,43.37147616146979
8th & Macdonald,Sunshine Diner,49.264168,-123.165344,No rating available,No popularity available,No price available,Trafalgar & Broadway,49.264136,-123.165389,3.6,164.0,2,49.264928,-123.168068,5.0,17.0,22.0,affordable,214.96710934877777
St George & Broadway,Sushi Hil,49.255379,-123.101015,No rating available,No popularity available,No price available,St George & Broadway,49.2554661,-123.1011451,4.6,41.0,0,49.262321,-123.09306,2.0,12.0,14.0,0,963.9123188249132
30th & Ontario,Sushi Hub,49.241186,-123.101917,No rating available,No popularity available,No price available,30th & Ontario,49.24116,-123.10187,4.1,130.0,2,49.243375,-123.104978,9.0,13.0,22.0,affordable,329.5830300807569
Beach & Seymour,Sushi Mugen,49.278667,-123.128226,No rating available,No popularity available,No price available,Burrard & Drake,49.2786508,-123.1282232,4.1,139.0,2,49.273568,-123.129935,18.0,0.0,18.0,affordable,580.3797097523675
Lakewood & Triumph,Sushi Nanaimo,49.281528,-123.056179,No rating available,No popularity available,No price available,Lakewood & Triumph,49.281495437462,-123.05621164168,3.6,307.0,2,49.283968,-123.061615,4.0,12.0,16.0,affordable,478.6299578999247
Woodland & 4th,Sweet Cherubim,49.274756,-123.069725,No rating available,No popularity available,No price available,Napier & Commercial,49.2746855,-123.0697373,3.4,121.0,2,49.266751,-123.073501,8.0,6.0,14.0,affordable,931.3214644703437
Robson & Hornby,Tableau Bar Bistro,49.287591,-123.123553,No rating available,No popularity available,No price available,Robson & Hornby,49.287494,-123.1235689,4.0,309.0,2,49.282758,-123.122092,6.0,19.0,25.0,affordable,547.7532791507251
Carrall & Seawall,Tacofino,49.276488,-123.119685,No rating available,No popularity available,No price available,Burrard & 14th,49.2681862,-123.148206,3.8,36.0,0,49.276294,-123.106534,7.0,11.0,18.0,0,954.2800472386791
Alexander & Dunlevy,Tacofino,49.282729,-123.104884,No rating available,No popularity available,No price available,Burrard & 14th,49.2681862,-123.148206,3.8,36.0,0,49.284062,-123.095097,8.0,6.0,14.0,0,725.2038356119451
Lakewood & Triumph,Tacofino Commissary,49.281292,-123.057458,No rating available,No popularity available,No price available,Lakewood & Triumph,49.28131129836604,-123.0574981,3.8,328.0,2,49.283968,-123.061615,4.0,12.0,16.0,affordable,423.6285454702384
St George & Broadway,Tacofino Ocho,49.266312,-123.104622,No rating available,No popularity available,No price available,Ontario & 5th,49.2663679970952,-123.104530161055,2.9,92.0,2,49.262321,-123.09306,2.0,12.0,14.0,affordable,949.1084557046368
Britannia Parking Lot,Takenaka,49.278276,-123.075622,No rating available,No popularity available,No price available,Britannia Parking Lot,49.2783093,-123.0755801,4.3,101.0,2,49.275882,-123.071865,5.0,9.0,14.0,affordable,380.978463081342
Sasamat & 10th,Takumi Japanese Restaurant,49.263617,-123.206889,No rating available,No popularity available,No price available,Sasamat & 10th,49.2637932,-123.2067658,3.7,33.0,2,49.264019,-123.209176,14.0,8.0,22.0,affordable,171.86693447370138
Charleson Park,Tasty Indian Bistro,49.274214,-123.123465,No rating available,No popularity available,No price available,Yaletown-Roundhouse Station,49.2744011,-123.1236818,4.1,249.0,2,49.267628,-123.127698,12.0,2.0,14.0,affordable,794.1203811781753
Chilco & Barclay,Tavola,49.291843,-123.135761,No rating available,No popularity available,No price available,Chilco & Barclay,49.2918164,-123.1357186,4.4,394.0,3,49.291909,-123.140713,10.0,7.0,17.0,moderate,359.20385474910074
Yaletown-Roundhouse Station,Tendon Kohaku,49.281091,-123.1217,No rating available,No popularity available,No price available,Robson & Hornby,49.28107123873706,-123.12179426645872,4.3,174.0,2,49.274566,-123.121817,8.0,8.0,16.0,affordable,725.5965382355381
Olympic Village Station,Terra Breads,49.271451,-123.107006,No rating available,No popularity available,No price available,1st & Manitoba,49.27144458615277,-123.1067987907931,3.9,139.0,2,49.266314,-123.116011,13.0,7.0,20.0,affordable,867.8507053817397
13th & Cambie,Thai Away Home,49.25578,-123.115323,No rating available,No popularity available,No price available,13th & Cambie,49.2556512,-123.1153209,3.3,124.0,2,49.259579,-123.114769,6.0,8.0,14.0,affordable,424.33848549163423
14th & Fraser,Thai Son Restaurant,49.262942,-123.096873,No rating available,No popularity available,No price available,8th & Scotia,49.2628812,-123.0967428,3.5,106.0,1,49.257939,-123.089531,2.0,14.0,16.0,cheap,770.2923383041397
30th & Ontario,The Acorn,49.249622,-123.101499,No rating available,No popularity available,No price available,30th & Ontario,49.24958,-123.10143,3.9,499.0,2,49.243375,-123.104978,9.0,13.0,22.0,affordable,739.1156114773229
Chestnut & McNicoll,The Boathouse Restaurant,49.274306,-123.153726,No rating available,No popularity available,No price available,Chestnut & McNicoll,49.2742938898371,-123.153669834137,2.6,272.0,2,49.275938,-123.145939,5.0,11.0,16.0,affordable,593.3520925318822
Lakewood & Triumph,The Brighton,49.281367,-123.054867,No rating available,No popularity available,No price available,Lakewood & Triumph,49.2812749,-123.0548832,3.3,44.0,2,49.283968,-123.061615,4.0,12.0,16.0,affordable,568.5311892939922
15th & Victoria (Trout Lake),The Burrow,49.259684,-123.06999,No rating available,No popularity available,No price available,14th & Fraser,49.2597591,-123.0700099,3.9,524.0,2,49.256857,-123.065646,3.0,15.0,18.0,affordable,445.19366578756075
Britannia Parking Lot,The Charlatan,49.271667,-123.069788,No rating available,No popularity available,No price available,Charles & Woodland,49.2717298,-123.0697249,3.2,166.0,2,49.275882,-123.071865,5.0,9.0,14.0,affordable,492.3135703518803
Strangway Building,The Corner Kitchen UBC,49.265876,-123.242832,No rating available,No popularity available,No price available,Orchard Commons,49.2660156,-123.2423069,3.5,14.0,0,49.2661,-123.24568,12.0,12.0,24.0,0,208.1467111130863
8th & Macdonald,The Eatery,49.264468,-123.180614,No rating available,No popularity available,No price available,Dunbar & 6th,49.2644193,-123.1803953,3.4,537.0,2,49.264928,-123.168068,5.0,17.0,22.0,affordable,911.7981796898522
Balsam & Cornwall,The Ellis,49.271593,-123.155521,No rating available,No popularity available,No price available,Burrard & 14th,49.2715661205375,-123.155288726822,4.2,90.0,2,49.273011,-123.159663,16.0,0.0,16.0,affordable,339.35920235572235
30th & Ontario,The Fish Counter,49.250765,-123.101191,No rating available,No popularity available,No price available,30th & Ontario,49.25076,-123.10136,4.4,379.0,2,49.243375,-123.104978,9.0,13.0,22.0,affordable,866.49045342932
Alexander & Railway,The Garden Strathcona,49.280813,-123.085817,No rating available,No popularity available,No price available,Hawks & Union,49.28076,-123.08563,4.7,42.0,0,49.283992,-123.091206,4.0,16.0,20.0,0,527.0237098159231
St George & Broadway,The General Public,49.255843,-123.101541,No rating available,No popularity available,No price available,18th & Main,49.2558434896122,-123.101475865737,3.4,178.0,2,49.262321,-123.09306,2.0,12.0,14.0,affordable,947.4507136683345
Thornton & National,The Heatley,49.28101,-123.089728,No rating available,No popularity available,No price available,Alexander & Railway,49.2810155,-123.089733,3.1,63.0,2,49.273777,-123.092723,7.0,7.0,14.0,affordable,833.1025870314435
Robson & Hornby,The Keg Steakhouse + Bar,49.283447,-123.116466,No rating available,No popularity available,No price available,Alberni & Jervis,49.28602851408301,-123.12446573128037,4.0,215.0,3,49.282758,-123.122092,6.0,19.0,25.0,moderate,415.2107309085769
Sasamat & 10th,The Kitchen,49.263507,-123.208906,No rating available,No popularity available,No price available,Sasamat & 10th,49.26351040917396,-123.2089765,3.6,39.0,2,49.264019,-123.209176,14.0,8.0,22.0,affordable,60.20864174346675
Wallace & 4th,The Kitchen Dada,49.264115,-123.18634,No rating available,No popularity available,No price available,Dunbar & 6th,49.264037087133,-123.186078295112,4.3,47.0,0,49.268974,-123.190701,11.0,7.0,18.0,0,626.1377034441202
Robson & Hornby,The Magnet,49.282484,-123.111029,No rating available,No popularity available,No price available,Thornton & National,49.28242131064444,-123.11118325952978,4.7,29.0,0,49.282758,-123.122092,6.0,19.0,25.0,0,803.039529689253
30th & Ontario,The Main,49.247443,-123.100989,No rating available,No popularity available,No price available,30th & Ontario,49.2474400091199,-123.10095847346696,2.8,129.0,2,49.243375,-123.104978,9.0,13.0,22.0,affordable,537.0837532902576
Wall & Eton,The Narcissus,49.284167,-123.070117,No rating available,No popularity available,No price available,Lakewood & Triumph,49.28423,-123.06998,4.4,13.0,0,49.287464,-123.060771,15.0,3.0,18.0,0,770.6591679421672
Maple Tree Square,The Old Spaghetti Factory,49.283831,-123.105302,No rating available,No popularity available,No price available,Maple Tree Square,49.2838595,-123.1055048,3.4,327.0,2,49.283482,-123.103738,23.0,2.0,25.0,affordable,119.89731992982159
Beach & Seymour,The Parlour,49.276782,-123.120196,No rating available,No popularity available,No price available,Richards & Smithe,49.276835,-123.120221,3.9,492.0,2,49.273568,-123.129935,18.0,0.0,18.0,affordable,791.7743998833381
Robson & Hornby,The Poke Guy,49.283786,-123.112032,No rating available,No popularity available,No price available,Richards & Cordova,49.2837389,-123.1120629,4.4,214.0,2,49.282758,-123.122092,6.0,19.0,25.0,affordable,738.597539479094
Thornton & National,The Ramen Butcher,49.278661,-123.098778,No rating available,No popularity available,No price available,Princess & Union,49.27869133637997,-123.0987252,3.7,405.0,2,49.273777,-123.092723,7.0,7.0,14.0,affordable,698.4847768072239
Stanley Park - Information Booth,The Red Accordion,49.290294,-123.131977,No rating available,No popularity available,No price available,Chilco & Barclay,49.29025,-123.131768,4.7,124.0,2,49.297933,-123.130758,7.0,13.0,20.0,affordable,854.0056355637187
Chestnut & McNicoll,The Sandbar Seafood Restaurant,49.27216,-123.134158,No rating available,No popularity available,No price available,Chestnut & McNicoll,49.271502,-123.134151,3.7,796.0,3,49.275938,-123.145939,5.0,11.0,16.0,moderate,952.3524017644213
Arbutus & 10th,Their There,49.267851,-123.151388,No rating available,No popularity available,No price available,Arbutus & 10th,49.2679649501648,-123.151158941154,4.1,129.0,2,49.262835,-123.152626,2.0,16.0,18.0,affordable,564.9413887006347
Robson & Hornby,Thierry,49.284766,-123.122662,No rating available,No popularity available,No price available,Georgia & Thurlow,49.2848818,-123.1228949,4.0,1013.0,2,49.282758,-123.122092,6.0,19.0,25.0,affordable,227.07498815785854
Dunbar & 6th,Ton Ton Sushi,49.26462,-123.185248,No rating available,No popularity available,No price available,Dunbar & 6th,49.26458,-123.1852501630783,3.6,14.0,0,49.266636,-123.183661,3.0,12.0,15.0,0,252.01605880717273
Heather & 18th,Tonton Sushi,49.249894,-123.115065,No rating available,No popularity available,No price available,30th & Ontario,49.2497178,-123.115173,4.0,81.0,2,49.255034,-123.120226,5.0,11.0,16.0,affordable,683.3550930152588
Thornton & National,Torafuku,49.275928,-123.0996,No rating available,No popularity available,No price available,Thornton & National,49.27589499983855,-123.09961118220762,3.8,232.0,2,49.273777,-123.092723,7.0,7.0,14.0,affordable,553.2759830846118
St George & Broadway,Toshi Sushi,49.256698,-123.101858,No rating available,No popularity available,No price available,18th & Main,49.256699,-123.101936,4.3,466.0,2,49.262321,-123.09306,2.0,12.0,14.0,affordable,893.6312672423181
13th & Cambie,Uma Sushi,49.26372,-123.11381,No rating available,No popularity available,No price available,Olympic Village Station,49.2638048,-123.1137294,4.3,126.0,3,49.259579,-123.114769,6.0,8.0,14.0,moderate,465.6873239983913
15th & Victoria (Trout Lake),Uncle Fatih's Pizza,49.262476,-123.070064,No rating available,No popularity available,No price available,Strangway Building,49.266292348975,-123.247400633991,2.9,9.0,0,49.256857,-123.065646,3.0,15.0,18.0,0,702.2621263986442
Heather & 16th,Uncle Fatih's Pizza,49.264065,-123.114083,No rating available,No popularity available,No price available,Strangway Building,49.266292348975,-123.247400633991,2.9,9.0,0,49.256845,-123.120071,6.0,6.0,12.0,0,912.8830114632304
Richards & Smithe,Uncle Fatih's Pizza,49.2788,-123.122072,No rating available,No popularity available,No price available,Strangway Building,49.266292348975,-123.247400633991,2.9,9.0,0,49.279259,-123.119145,4.0,12.0,16.0,0,218.3752533239593
Orchard Commons,Uncle Fatih's Pizza,49.266304,-123.247246,No rating available,No popularity available,No price available,Strangway Building,49.266292348975,-123.247400633991,2.9,9.0,0,49.259999,-123.250902,9.0,17.0,26.0,0,749.5999910372487
Blenheim & 4th,Uncle Fatih's Pizza,49.263936,-123.167757,No rating available,No popularity available,No price available,Strangway Building,49.266292348975,-123.247400633991,2.9,9.0,0,49.268837,-123.177633,4.0,19.0,23.0,0,900.2778159746912
Creekside Park North,Uncle Fatih's Pizza,49.279204,-123.107423,No rating available,No popularity available,No price available,Strangway Building,49.266292348975,-123.247400633991,2.9,9.0,0,49.2756,-123.102661,9.0,8.0,17.0,0,529.0881055928035
Dunbar & 6th,Uncle Pu's Sichuan Taste,49.264068,-123.174985,No rating available,No popularity available,No price available,8th & Macdonald,49.26400721896341,-123.17495452514662,5.0,2.0,0,49.266636,-123.183661,3.0,12.0,15.0,0,691.2724707440252
14th & Fraser,Van 168 Coffee,49.254719,-123.086117,No rating available,No popularity available,No price available,14th & Fraser,49.25471,-123.08628,4.3,21.0,0,49.257939,-123.089531,2.0,14.0,16.0,0,435.4163331362735
East Blvd & 37th,Vegan Shoku,49.234467,-123.15952,No rating available,No popularity available,No price available,Arbutus & Nanton,49.23453,-123.15929,4.6,21.0,0,49.238105,-123.154966,3.0,16.0,19.0,0,522.4588984448687
St George & Broadway,Vera's Burger Shack,49.259015,-123.100919,No rating available,No popularity available,No price available,Cypress & Cornwall,49.2726149,-123.1486171,3.3,51.0,2,49.262321,-123.09306,2.0,12.0,14.0,affordable,678.5219906025422
Strangway Building,Vera's Burger Shack,49.265788,-123.243149,No rating available,No popularity available,No price available,Cypress & Cornwall,49.2726149,-123.1486171,3.3,51.0,2,49.2661,-123.24568,12.0,12.0,24.0,affordable,186.89782962809903
Britannia Parking Lot,Via Tevere Pizzeria,49.273873,-123.065512,No rating available,No popularity available,No price available,Britannia Parking Lot,49.27387530438791,-123.06553445802784,4.1,359.0,2,49.275882,-123.071865,5.0,9.0,14.0,affordable,512.1756591521861
Burrard & 14th,Viet Flavour Restaurant,49.263527,-123.146477,No rating available,No popularity available,No price available,Burrard & 14th,49.2635951,-123.1462632,4.1,30.0,0,49.259469,-123.145718,5.0,13.0,18.0,0,454.5780666313531
13th & Cambie,Viet House,49.254529,-123.114973,No rating available,No popularity available,No price available,13th & Cambie,49.2546156379752,-123.114992380142,3.8,78.0,2,49.259579,-123.114769,6.0,8.0,14.0,affordable,561.7295127240637
Heather & 16th,Westcoast Poke,49.264044,-123.114,No rating available,No popularity available,No price available,Olympic Village Station,49.26409,-123.1140415,3.8,174.0,2,49.256845,-123.120071,6.0,6.0,12.0,affordable,913.7190166560499
Granville Island,White Spot,49.27618,-123.128257,No rating available,No popularity available,No price available,8th & Macdonald,49.2638179420072,-123.163287331925,3.2,75.0,2,49.27029,-123.135025,17.0,15.0,32.0,affordable,818.5591365712881
Commercial & 20th,White Spot Kingsway,49.249011,-123.074115,No rating available,No popularity available,No price available,Commercial & 20th,49.249119,-123.0739349,3.4,75.0,2,49.252656,-123.067965,1.0,19.0,20.0,affordable,602.9336121634778
Britannia Parking Lot,Windjammer,49.275981,-123.069748,No rating available,No popularity available,No price available,Britannia Parking Lot,49.2760774,-123.0695147,3.6,78.0,1,49.275882,-123.071865,5.0,9.0,14.0,cheap,153.97272116277
Arbutus & 16th,Yagoto Sushi Dining,49.263701,-123.154763,No rating available,No popularity available,No price available,Burrard & 14th,49.263793589572,-123.154220015935,4.4,81.0,2,49.257654,-123.153212,11.0,28.0,39.0,affordable,681.7507847293198
Britannia Parking Lot,Yolks,49.28108,-123.072857,No rating available,No popularity available,No price available,Britannia Parking Lot,49.281081,-123.072931,3.7,462.0,2,49.275882,-123.071865,5.0,9.0,14.0,affordable,582.4536868558278
Heather & 16th,Yolks,49.263025,-123.11659,No rating available,No popularity available,No price available,Britannia Parking Lot,49.281081,-123.072931,3.7,462.0,2,49.256845,-123.120071,6.0,6.0,12.0,affordable,732.1446902734353
Dunbar & 6th,Yuji's From Japan,49.268198,-123.186043,No rating available,No popularity available,No price available,Dunbar & 6th,49.26829655056762,-123.18604454110448,4.0,57.0,2,49.266636,-123.183661,3.0,12.0,15.0,affordable,245.02706129815007
Seymour & Cordova,Zaatar W Zeit,49.28443,-123.115738,No rating available,No popularity available,No price available,Richards & Cordova,49.2844377,-123.1154382,4.2,81.0,2,49.28512,-123.11242,11.0,8.0,19.0,affordable,252.5967957058521
