id,name,latitude,longitude,timestamp,free_bikes,empty_slots,extra,total_bikes
00fa94ad698dc4a9e4d708d6fd32f294,Chilco & Barclay,49.291909,-123.140713,2024-12-18T07:00:34.890750Z,10,7,"{'uid': '0092', 'renting': True, 'returning': True, 'last_updated': 1734505075, 'slots': 18, 'normal_bikes': 7, 'ebikes': 3, 'has_ebikes': True}",17
012d3e06901cc222b1c2cf0a2ace3a29,St George & Broadway,49.262321,-123.09306,2024-12-18T07:00:34.930824Z,2,12,"{'uid': '0248', 'renting': True, 'returning': True, 'last_updated': 1734505156, 'slots': 14, 'normal_bikes': 2, 'ebikes': 0, 'has_ebikes': True}",14
029a505bd4422a1afd127987757f71a6,Britannia Parking Lot,49.275882,-123.071865,2024-12-18T07:00:34.929723Z,5,9,"{'uid': '0232', 'renting': True, 'returning': True, 'last_updated': 1734505191, 'slots': 14, 'normal_bikes': 0, 'ebikes': 5, 'has_ebikes': True}",14
0438114d2e6b96118de69bc9775bb21e,Morton & Denman,49.28803,-123.142135,2024-12-18T07:00:34.860534Z,13,13,"{'uid': '0031', 'renting': True, 'returning': True, 'last_updated': 1734504914, 'slots': 26, 'normal_bikes': 8, 'ebikes': 5, 'has_ebikes': True}",26
0459b7e93703980b853cd65a9dc60596,Thornton & National,49.273777,-123.092723,2024-12-18T07:00:34.929830Z,7,7,"{'uid': '0233', 'renting': True, 'returning': True, 'last_updated': 1734504774, 'slots': 14, 'normal_bikes': 7, 'ebikes': 0, 'has_ebikes': True}",14
04f64fde5ba1ebde8ad78c74914adb34,Burrard & 14th,49.259469,-123.145718,2024-12-18T07:00:34.925092Z,5,13,"{'uid': '0210', 'renting': True, 'returning': True, 'last_updated': 1734505124, 'slots': 18, 'normal_bikes': 5, 'ebikes': 0, 'has_ebikes': True}",18
06487275cd19694152824c7c3088e8ff,Olympic Village Station,49.266314,-123.116011,2024-12-18T07:00:34.859402Z,13,7,"{'uid': '0006', 'renting': True, 'returning': True, 'last_updated': 1734504907, 'slots': 20, 'normal_bikes': 9, 'ebikes': 4, 'has_ebikes': True}",20
064a7b39b1dbc4bfc4cf8f454e360c57,8th & Macdonald,49.264928,-123.168068,2024-12-18T07:00:35.008106Z,5,17,"{'uid': '0452', 'renting': True, 'returning': True, 'last_updated': 1734504626, 'slots': 22, 'normal_bikes': 4, 'ebikes': 1, 'has_ebikes': True}",22
066ecc3584913fa035ec1417323beb80,30th & Ontario,49.243375,-123.104978,2024-12-18T07:00:35.008992Z,9,13,"{'uid': '0557', 'renting': True, 'returning': True, 'last_updated': 1734505050, 'slots': 22, 'normal_bikes': 7, 'ebikes': 2, 'has_ebikes': True}",22
06bdc4d55f34b2a491305534fd5defda,Lakewood & Triumph,49.283968,-123.061615,2024-12-18T07:00:35.009414Z,4,12,"{'uid': '0631', 'renting': True, 'returning': True, 'last_updated': 1734504956, 'slots': 16, 'normal_bikes': 1, 'ebikes': 3, 'has_ebikes': True}",16
07b13214cb69f2ec007d888450f3d6bc,13th & Cambie,49.259579,-123.114769,2024-12-18T07:00:35.006849Z,6,8,"{'uid': '0311', 'renting': True, 'returning': True, 'last_updated': 1734505122, 'slots': 14, 'normal_bikes': 6, 'ebikes': 0, 'has_ebikes': True}",14
085a0e120a08a80a58c0ae0ff9da565a,Arbutus & Nanton,49.247854,-123.153422,2024-12-18T07:00:35.008343Z,6,12,"{'uid': '0480', 'renting': True, 'returning': True, 'last_updated': 1734505068, 'slots': 18, 'normal_bikes': 3, 'ebikes': 3, 'has_ebikes': True}",18
08c7a90bf297fde8c1f1156db13987d4,14th & Fraser,49.257939,-123.089531,2024-12-18T07:00:35.006229Z,2,14,"{'uid': '0282', 'renting': True, 'returning': True, 'last_updated': 1734504738, 'slots': 16, 'normal_bikes': 1, 'ebikes': 1, 'has_ebikes': True}",16
0a43242bee10cd33f539af2c1bf5ecbf,15th & Victoria (Trout Lake),49.256857,-123.065646,2024-12-18T07:00:35.006046Z,3,15,"{'uid': '0278', 'renting': True, 'returning': True, 'last_updated': 1734504918, 'slots': 18, 'normal_bikes': 3, 'ebikes': 0, 'has_ebikes': True}",18
0b543fc4e694fe07a54dac48bb1b3390,Robson & Hornby,49.282758,-123.122092,2024-12-18T07:00:34.860082Z,6,19,"{'uid': '0019', 'renting': True, 'returning': True, 'last_updated': 1734505131, 'slots': 26, 'normal_bikes': 4, 'ebikes': 2, 'has_ebikes': True}",25
0c42f45e4a14957ad4a6d521d0ba8bc3,Cardero & Robson,49.289255,-123.132677,2024-12-18T07:00:34.860979Z,25,1,"{'uid': '0041', 'renting': True, 'returning': True, 'last_updated': 1734505185, 'slots': 26, 'normal_bikes': 25, 'ebikes': 0, 'has_ebikes': True}",26
0c9ad3e3703e5869b82619ecdf54f43e,1st & Scotia,49.2685027,-123.0975014,2024-12-18T07:00:34.924623Z,6,14,"{'uid': '0197', 'renting': True, 'returning': True, 'last_updated': 1734504708, 'slots': 20, 'normal_bikes': 4, 'ebikes': 2, 'has_ebikes': True}",20
0cee06d7d10f7d3162cea03d22b7beed,10th & Fraser,49.26151,-123.089413,2024-12-18T07:00:35.001458Z,4,10,"{'uid': '0260', 'renting': True, 'returning': True, 'last_updated': 1734505058, 'slots': 14, 'normal_bikes': 4, 'ebikes': 0, 'has_ebikes': True}",14
0cf6cd1809fa7f510812f5b052f578c4,Ontario & 5th,49.266724,-123.104824,2024-12-18T07:00:34.890210Z,9,11,"{'uid': '0073', 'renting': True, 'returning': True, 'last_updated': 1734505089, 'slots': 20, 'normal_bikes': 9, 'ebikes': 0, 'has_ebikes': True}",20
0d1b5c62f8d22e3650811df55596e25b,Heather & 16th,49.256845,-123.120071,2024-12-18T07:00:34.905600Z,6,6,"{'uid': '0130', 'renting': True, 'returning': True, 'last_updated': 1734504808, 'slots': 12, 'normal_bikes': 6, 'ebikes': 0, 'has_ebikes': True}",12
0e0aef6fabaa808b3a3cef24657257a4,Richards & Smithe,49.279259,-123.119145,2024-12-18T07:00:34.861618Z,4,12,"{'uid': '0058', 'renting': True, 'returning': True, 'last_updated': 1734504732, 'slots': 18, 'normal_bikes': 4, 'ebikes': 0, 'has_ebikes': True}",16
10acadd77bc21f26a7f09d8c74d4af2d,Robson & Beatty,49.277773,-123.114237,2024-12-18T07:00:34.860304Z,6,14,"{'uid': '0026', 'renting': True, 'returning': True, 'last_updated': 1734504755, 'slots': 20, 'normal_bikes': 5, 'ebikes': 1, 'has_ebikes': True}",20
12dd264419c06f596d1a883ed36efd9c,Maple Tree Square,49.283482,-123.103738,2024-12-18T07:00:34.859801Z,23,2,"{'uid': '0013', 'renting': True, 'returning': True, 'last_updated': 1734505084, 'slots': 25, 'normal_bikes': 21, 'ebikes': 2, 'has_ebikes': True}",25
13021bba7bbeca1ccd8726ca17da59e6,22nd & Main,49.25094,-123.101306,2024-12-18T07:00:35.009134Z,2,12,"{'uid': '0563', 'renting': True, 'returning': True, 'last_updated': 1734505025, 'slots': 14, 'normal_bikes': 0, 'ebikes': 2, 'has_ebikes': True}",14
1648ead5ea617d2cea115869d9516f5e,Carrall & Seawall,49.276294,-123.106534,2024-12-18T07:00:34.925362Z,7,11,"{'uid': '0218', 'renting': True, 'returning': True, 'last_updated': 1734505020, 'slots': 18, 'normal_bikes': 6, 'ebikes': 1, 'has_ebikes': True}",18
1675a77b9af656faf527b4e6de53e63b,Charles & Woodland,49.2731,-123.0732,2024-12-18T07:00:35.000840Z,5,9,"{'uid': '0253', 'renting': True, 'returning': True, 'last_updated': 1734505111, 'slots': 14, 'normal_bikes': 3, 'ebikes': 2, 'has_ebikes': True}",14
175a074bf65455d1633639511dc129c8,1st & Manitoba,49.27023,-123.10651,2024-12-18T07:00:34.924105Z,14,10,"{'uid': '0174', 'renting': True, 'returning': True, 'last_updated': 1734504783, 'slots': 28, 'normal_bikes': 12, 'ebikes': 2, 'has_ebikes': True}",24
17a3320a52bcc62161908967f8a06613,St Catherines & 7th,49.264466,-123.085183,2024-12-18T07:00:35.001826Z,3,17,"{'uid': '0266', 'renting': True, 'returning': True, 'last_updated': 1734505169, 'slots': 20, 'normal_bikes': 2, 'ebikes': 1, 'has_ebikes': True}",20
198810b9b0af5d229d1b6fa12c620e06,Triumph & Victoria,49.283986,-123.065264,2024-12-18T07:00:35.006107Z,13,5,"{'uid': '0280', 'renting': True, 'returning': True, 'last_updated': 1734505210, 'slots': 18, 'normal_bikes': 12, 'ebikes': 1, 'has_ebikes': True}",18
1bca0e944a4faf170db82793414b03ab,18th & Main,49.254667,-123.101389,2024-12-18T07:00:35.001107Z,3,13,"{'uid': '0255', 'renting': True, 'returning': True, 'last_updated': 1734504806, 'slots': 16, 'normal_bikes': 3, 'ebikes': 0, 'has_ebikes': True}",16
1c8f7fd6535db12cc45cfc59aa9da058,St Catherines & 10th,49.261353,-123.085333,2024-12-18T07:00:35.001717Z,4,7,"{'uid': '0265', 'renting': True, 'returning': True, 'last_updated': 1734505049, 'slots': 12, 'normal_bikes': 2, 'ebikes': 2, 'has_ebikes': True}",11
1d4153659a0a0a2089078c739df6737d,Nelson & Richards,49.277844,-123.120942,2024-12-18T07:00:34.890451Z,16,1,"{'uid': '0079', 'renting': True, 'returning': True, 'last_updated': 1734505144, 'slots': 18, 'normal_bikes': 16, 'ebikes': 0, 'has_ebikes': True}",17
1d442ad1a71774c82688a45954e47bfd,Arbutus & 10th,49.262835,-123.152626,2024-12-18T07:00:34.890298Z,2,16,"{'uid': '0075', 'renting': True, 'returning': True, 'last_updated': 1734504799, 'slots': 18, 'normal_bikes': 1, 'ebikes': 1, 'has_ebikes': True}",18
1d7e73b3321ebb6713774d376247d9f9,Comox & Denman,49.288444,-123.139203,2024-12-18T07:00:34.860590Z,12,6,"{'uid': '0032', 'renting': True, 'returning': True, 'last_updated': 1734505163, 'slots': 18, 'normal_bikes': 10, 'ebikes': 2, 'has_ebikes': True}",18
1ef01f2f89621d51afbabaa6296e55be,Prince Edward & 14th,49.258352,-123.096337,2024-12-18T07:00:35.001283Z,8,6,"{'uid': '0257', 'renting': True, 'returning': True, 'last_updated': 1734504730, 'slots': 14, 'normal_bikes': 6, 'ebikes': 2, 'has_ebikes': True}",14
1ef5c4ff3f0b09422bb1597fd9d7568b,Alexander & Railway,49.283992,-123.091206,2024-12-18T07:00:34.929557Z,4,16,"{'uid': '0230', 'renting': True, 'returning': True, 'last_updated': 1734504737, 'slots': 20, 'normal_bikes': 1, 'ebikes': 3, 'has_ebikes': True}",20
25318ec3e06fae1397a3a2f645104149,Chilco & Beach,49.28972,-123.144028,2024-12-18T07:00:34.861180Z,14,1,"{'uid': '0047', 'renting': True, 'returning': True, 'last_updated': 1734504967, 'slots': 14, 'normal_bikes': 12, 'ebikes': 2, 'has_ebikes': True}",15
257715b845828e027ff35dd0f11c971e,Richards & Cordova,49.284554,-123.111031,2024-12-18T07:00:34.905488Z,16,0,"{'uid': '0124', 'renting': True, 'returning': True, 'last_updated': 1734504991, 'slots': 16, 'normal_bikes': 12, 'ebikes': 4, 'has_ebikes': True}",16
261efc67071963969b3f848c66454d97,Orchard Commons,49.259999,-123.250902,2024-12-18T07:00:35.009684Z,9,17,"{'uid': '2116', 'renting': True, 'returning': True, 'last_updated': 1734503774, 'slots': 26, 'normal_bikes': 8, 'ebikes': 1, 'has_ebikes': True}",26
26555ebe3663991da07220d12b0f054a,Strangway Building,49.2661,-123.24568,2024-12-18T07:00:35.042648Z,12,12,"{'uid': '2154', 'renting': True, 'returning': True, 'last_updated': 1734504988, 'slots': 24, 'normal_bikes': 5, 'ebikes': 7, 'has_ebikes': True}",24
2681455ba2d97283998a806b14d3e95c,Yew & Broadway,49.263523,-123.155267,2024-12-18T07:00:35.008454Z,8,10,"{'uid': '0484', 'renting': True, 'returning': True, 'last_updated': 1734505070, 'slots': 18, 'normal_bikes': 3, 'ebikes': 5, 'has_ebikes': True}",18
277b4b4881bdb7dac73012672179def8,Woodland & 10th,49.261263,-123.073707,2024-12-18T07:00:34.930670Z,10,4,"{'uid': '0245', 'renting': True, 'returning': True, 'last_updated': 1734505189, 'slots': 14, 'normal_bikes': 10, 'ebikes': 0, 'has_ebikes': True}",14
2781435bde344e1b64f1bebac6bc9008,Ontario & 16th,49.256825,-123.105234,2024-12-18T07:00:34.905677Z,6,8,"{'uid': '0133', 'renting': True, 'returning': True, 'last_updated': 1734505196, 'slots': 14, 'normal_bikes': 5, 'ebikes': 1, 'has_ebikes': True}",14
2ca388bba54706770900ca2a9d7aa5be,14th & Alder,49.258819,-123.131317,2024-12-18T07:00:34.925147Z,4,10,"{'uid': '0211', 'renting': True, 'returning': True, 'last_updated': 1734505082, 'slots': 14, 'normal_bikes': 2, 'ebikes': 2, 'has_ebikes': True}",14
2f09a64507cf6257c67ca20af27339eb,Chestnut & McNicoll,49.275938,-123.145939,2024-12-18T07:00:34.923490Z,5,11,"{'uid': '0147', 'renting': True, 'returning': True, 'last_updated': 1734504733, 'slots': 16, 'normal_bikes': 4, 'ebikes': 1, 'has_ebikes': True}",16
2ff7eb4230654603592ab1b0780ec5e1,Dunbar & 6th,49.266636,-123.183661,2024-12-18T07:00:35.007415Z,3,12,"{'uid': '0414', 'renting': True, 'returning': True, 'last_updated': 1734504865, 'slots': 16, 'normal_bikes': 3, 'ebikes': 0, 'has_ebikes': True}",15
30bf49544b1c864688b78172d42cca5e,Stanley Park - Vancouver Aquarium,49.299292,-123.130281,2024-12-18T07:00:34.890932Z,2,14,"{'uid': '0101', 'renting': True, 'returning': True, 'last_updated': 1734504655, 'slots': 17, 'normal_bikes': 2, 'ebikes': 0, 'has_ebikes': True}",16
32603a87cfca71d0f7dfa3513bad69d5,Yaletown-Roundhouse Station,49.274566,-123.121817,2024-12-18T07:00:34.859255Z,8,8,"{'uid': '0004', 'renting': True, 'returning': True, 'last_updated': 1734505122, 'slots': 16, 'normal_bikes': 8, 'ebikes': 0, 'has_ebikes': True}",16
32f70f7ae14ba87523c6286a6c4d5c37,Smithe & Burrard,49.282503,-123.124697,2024-12-18T07:00:34.925322Z,5,11,"{'uid': '0217', 'renting': True, 'returning': True, 'last_updated': 1734505029, 'slots': 18, 'normal_bikes': 0, 'ebikes': 5, 'has_ebikes': True}",16
3367c1e1dbf73caf7c10e4c96a92f58d,Abbott & Cordova,49.282759,-123.106955,2024-12-18T07:00:34.860480Z,8,13,"{'uid': '0030', 'renting': True, 'returning': True, 'last_updated': 1734504813, 'slots': 22, 'normal_bikes': 7, 'ebikes': 1, 'has_ebikes': True}",21
34fd37d12eb989b49518ef53941ee3ff,Sasamat & 10th,49.264019,-123.209176,2024-12-18T07:00:35.009575Z,14,8,"{'uid': '0716', 'renting': True, 'returning': True, 'last_updated': 1734504877, 'slots': 22, 'normal_bikes': 9, 'ebikes': 5, 'has_ebikes': True}",22
3596b4831ee2ea7812de753b32306835,Vine & 4th,49.268339,-123.157443,2024-12-18T07:00:34.923782Z,3,15,"{'uid': '0159', 'renting': True, 'returning': True, 'last_updated': 1734503653, 'slots': 18, 'normal_bikes': 1, 'ebikes': 2, 'has_ebikes': True}",18
35eb539fb9298bb7e4f6759ca0256505,10th & Ontario,49.262062,-123.104656,2024-12-18T07:00:34.924144Z,8,12,"{'uid': '0176', 'renting': True, 'returning': True, 'last_updated': 1734504745, 'slots': 20, 'normal_bikes': 2, 'ebikes': 6, 'has_ebikes': True}",20
365da33e9ce06ea53db1173a0f8eae71,Pine & 10th,49.262822,-123.14338,2024-12-18T07:00:34.924897Z,5,15,"{'uid': '0205', 'renting': True, 'returning': True, 'last_updated': 1734504964, 'slots': 20, 'normal_bikes': 5, 'ebikes': 0, 'has_ebikes': True}",20
38f045e3f43f86eae42ca4c60257ade0,Wallace & 4th,49.268974,-123.190701,2024-12-18T07:00:35.007246Z,11,7,"{'uid': '0401', 'renting': True, 'returning': True, 'last_updated': 1734504920, 'slots': 18, 'normal_bikes': 10, 'ebikes': 1, 'has_ebikes': True}",18
3a4131fa94946d93d3529136efd62413,Pacific & Richards,49.273663,-123.127075,2024-12-18T07:00:34.861035Z,11,3,"{'uid': '0044', 'renting': True, 'returning': True, 'last_updated': 1734505105, 'slots': 14, 'normal_bikes': 9, 'ebikes': 2, 'has_ebikes': True}",14
3aed670ccdcd94b966c0f505f8b028c7,7th &  Alder,49.265198,-123.131043,2024-12-18T07:00:34.924503Z,2,13,"{'uid': '0192', 'renting': True, 'returning': True, 'last_updated': 1734504995, 'slots': 16, 'normal_bikes': 2, 'ebikes': 0, 'has_ebikes': True}",15
3e112f9fe877e0003780386359060ae6,Canada Place,49.287214,-123.11287,2024-12-18T07:00:34.859859Z,23,3,"{'uid': '0014', 'renting': True, 'returning': True, 'last_updated': 1734504952, 'slots': 26, 'normal_bikes': 15, 'ebikes': 8, 'has_ebikes': True}",26
41a55a7e2908fbbd65175b794d26bc8d,Heather & 18th,49.255034,-123.120226,2024-12-18T07:00:35.008564Z,5,11,"{'uid': '0511', 'renting': True, 'returning': True, 'last_updated': 1734505076, 'slots': 16, 'normal_bikes': 4, 'ebikes': 1, 'has_ebikes': True}",16
421516af381a11f54d07fc79be68d3d3,14th & Oak,49.258761,-123.127071,2024-12-18T07:00:34.924820Z,6,9,"{'uid': '0202', 'renting': True, 'returning': True, 'last_updated': 1734505185, 'slots': 14, 'normal_bikes': 4, 'ebikes': 2, 'has_ebikes': True}",15
434b6f4e7fc30198f901b60fc905f609,Bute & Comox,49.283343,-123.131099,2024-12-18T07:00:34.861289Z,8,14,"{'uid': '0050', 'renting': True, 'returning': True, 'last_updated': 1734504725, 'slots': 22, 'normal_bikes': 8, 'ebikes': 0, 'has_ebikes': True}",22
444991edc9550be0908f032da5e3c95f,Comox & Broughton,49.285253,-123.134356,2024-12-18T07:00:34.861234Z,11,1,"{'uid': '0048', 'renting': True, 'returning': True, 'last_updated': 1734504670, 'slots': 12, 'normal_bikes': 7, 'ebikes': 4, 'has_ebikes': True}",12
44fc3d58831a9f2b919c7a3a1838b74a,Station & Terminal,49.272172,-123.097978,2024-12-18T07:00:35.007134Z,11,7,"{'uid': '0354', 'renting': True, 'returning': True, 'last_updated': 1734505116, 'slots': 18, 'normal_bikes': 8, 'ebikes': 3, 'has_ebikes': True}",18
45a4c865db23e1cad0209afa5a799de0,Stanley Park - Third Beach Parking Lot,49.302577,-123.155616,2024-12-18T07:00:34.891005Z,15,23,"{'uid': '0103', 'renting': True, 'returning': True, 'last_updated': 1734505207, 'slots': 38, 'normal_bikes': 14, 'ebikes': 1, 'has_ebikes': True}",38
475627e149c1a6ba73caac8d8d2fa617,Woodland & 4th,49.266751,-123.073501,2024-12-18T07:00:34.930983Z,8,6,"{'uid': '0250', 'renting': True, 'returning': True, 'last_updated': 1734505050, 'slots': 14, 'normal_bikes': 8, 'ebikes': 0, 'has_ebikes': True}",14
485d4d24c803cfde829ab89699fed833,8th & Ash,49.264215,-123.117772,2024-12-18T07:00:34.859524Z,8,8,"{'uid': '0008', 'renting': True, 'returning': True, 'last_updated': 1734505109, 'slots': 16, 'normal_bikes': 4, 'ebikes': 4, 'has_ebikes': True}",16
4990fe5772f3b73eebeec125b41e478e,Burrard & Drake,49.27808,-123.130557,2024-12-18T07:00:34.890714Z,2,20,"{'uid': '0089', 'renting': True, 'returning': True, 'last_updated': 1734504719, 'slots': 24, 'normal_bikes': 2, 'ebikes': 0, 'has_ebikes': True}",22
4ac99b928a91d8ccb785c9d0b805adb6,10th & Kingsway,49.261973,-123.09725,2024-12-18T07:00:34.924305Z,3,17,"{'uid': '0186', 'renting': True, 'returning': True, 'last_updated': 1734504893, 'slots': 20, 'normal_bikes': 3, 'ebikes': 0, 'has_ebikes': True}",20
4cb84c9a3743287019ae00ceef9a1cd3,10th & Oak,49.262255,-123.126217,2024-12-18T07:00:34.891507Z,2,14,"{'uid': '0112', 'renting': True, 'returning': True, 'last_updated': 1734505196, 'slots': 22, 'normal_bikes': 0, 'ebikes': 2, 'has_ebikes': True}",16
4e8fdc99e77ba1b70d90e124a704d0c1,Hawks & Union,49.277333,-123.087359,2024-12-18T07:00:34.925401Z,7,9,"{'uid': '0219', 'renting': True, 'returning': True, 'last_updated': 1734504748, 'slots': 16, 'normal_bikes': 6, 'ebikes': 1, 'has_ebikes': True}",16
4f6ebf2026d540ffe40e29a80138ad5e,Marinaside & Cooperage,49.273833,-123.114373,2024-12-18T07:00:34.861563Z,13,13,"{'uid': '0057', 'renting': True, 'returning': True, 'last_updated': 1734505116, 'slots': 26, 'normal_bikes': 12, 'ebikes': 1, 'has_ebikes': True}",26
5105df3dd0daf4c26980f4134f61e5cc,Alberni & Jervis,49.28763,-123.127245,2024-12-18T07:00:34.924983Z,3,17,"{'uid': '0207', 'renting': True, 'returning': True, 'last_updated': 1734504975, 'slots': 20, 'normal_bikes': 2, 'ebikes': 1, 'has_ebikes': True}",20
51e4d3731aebbf9c3186f310a08de6c8,7th & Arbutus,49.265605,-123.152566,2024-12-18T07:00:34.891427Z,2,12,"{'uid': '0109', 'renting': True, 'returning': True, 'last_updated': 1734504899, 'slots': 16, 'normal_bikes': 2, 'ebikes': 0, 'has_ebikes': True}",14
521c2122c791ed038168c3b8ff24061b,14th & Ontario,49.25849,-123.104799,2024-12-18T07:00:34.905640Z,6,10,"{'uid': '0132', 'renting': True, 'returning': True, 'last_updated': 1734504858, 'slots': 16, 'normal_bikes': 4, 'ebikes': 2, 'has_ebikes': True}",16
549f00f6039e8bb702a00dcca08a8ed0,King Edward & Cambie,49.249184,-123.116141,2024-12-18T07:00:35.008676Z,6,8,"{'uid': '0524', 'renting': True, 'returning': True, 'last_updated': 1734504827, 'slots': 18, 'normal_bikes': 0, 'ebikes': 6, 'has_ebikes': True}",14
5699b40126e10c2f68eefc3eb18ff3a1,1st & Fir,49.270783,-123.141564,2024-12-18T07:00:35.007019Z,7,12,"{'uid': '0315', 'renting': True, 'returning': True, 'last_updated': 1734505207, 'slots': 20, 'normal_bikes': 5, 'ebikes': 2, 'has_ebikes': True}",19
56fef9ba0af67a4ff3e661a8e02c0b08,Arbutus & 16th,49.257654,-123.153212,2024-12-18T07:00:34.891554Z,11,28,"{'uid': '0113', 'renting': True, 'returning': True, 'last_updated': 1734505107, 'slots': 40, 'normal_bikes': 9, 'ebikes': 2, 'has_ebikes': True}",39
5726de7c5646b82f7aaeafba50aee03e,War Memorial Gym,49.2665793,-123.2485487,2024-12-18T07:00:35.042598Z,10,17,"{'uid': '2143', 'renting': True, 'returning': True, 'last_updated': 1734504798, 'slots': 28, 'normal_bikes': 7, 'ebikes': 3, 'has_ebikes': True}",27
57d39a680c9407cda0fb4de6d9c55138,28th & Willow,49.246243,-123.124373,2024-12-18T07:00:35.008509Z,3,17,"{'uid': '0505', 'renting': True, 'returning': True, 'last_updated': 1734505131, 'slots': 20, 'normal_bikes': 3, 'ebikes': 0, 'has_ebikes': True}",20
57e928d8c30fab0ebffb3ede850f89d6,Arbutus Greenway & Fir,49.266774,-123.141135,2024-12-18T07:00:34.923659Z,4,12,"{'uid': '0153', 'renting': True, 'returning': True, 'last_updated': 1734504921, 'slots': 16, 'normal_bikes': 2, 'ebikes': 2, 'has_ebikes': True}",16
58345bb719f4e570ed4edc9dfa6a68a2,West Mall Swing Space Building,49.263073,-123.254307,2024-12-18T07:00:35.009629Z,6,14,"{'uid': '2114', 'renting': True, 'returning': True, 'last_updated': 1734505121, 'slots': 20, 'normal_bikes': 4, 'ebikes': 2, 'has_ebikes': True}",20
58a026f0c506caec20697a4f90538450,McLean & Pender,49.280427,-123.074082,2024-12-18T07:00:34.925603Z,13,3,"{'uid': '0225', 'renting': True, 'returning': True, 'last_updated': 1734505086, 'slots': 16, 'normal_bikes': 12, 'ebikes': 1, 'has_ebikes': True}",16
5a34495280727a5b50b9aa41e14e9a16,Bute & Barclay,49.284893,-123.128685,2024-12-18T07:00:35.006618Z,2,28,"{'uid': '0300', 'renting': True, 'returning': True, 'last_updated': 1734504900, 'slots': 30, 'normal_bikes': 1, 'ebikes': 1, 'has_ebikes': True}",30
5ba6e9725b1b0ee8cd25df976e47726b,Balsam & Cornwall,49.273011,-123.159663,2024-12-18T07:00:35.008285Z,16,0,"{'uid': '0470', 'renting': True, 'returning': True, 'last_updated': 1734505087, 'slots': 16, 'normal_bikes': 13, 'ebikes': 3, 'has_ebikes': True}",16
5de0fe55497681d4cc9dd25509cf51ab,Hastings & Broughton,49.290112,-123.127062,2024-12-18T07:00:34.860702Z,20,4,"{'uid': '0035', 'renting': True, 'returning': True, 'last_updated': 1734505045, 'slots': 24, 'normal_bikes': 17, 'ebikes': 3, 'has_ebikes': True}",24
5f45325fdd6334a4c0d3b62853b19fa6,Seymour & Cordova,49.28512,-123.11242,2024-12-18T07:00:35.006736Z,11,8,"{'uid': '0308', 'renting': True, 'returning': True, 'last_updated': 1734504978, 'slots': 19, 'normal_bikes': 10, 'ebikes': 1, 'has_ebikes': True}",19
5fc29e0ac42c11abb45bf12aaeb925bd,Alder & 11th,49.261742,-123.13148,2024-12-18T07:00:34.923902Z,3,11,"{'uid': '0166', 'renting': True, 'returning': True, 'last_updated': 1734505082, 'slots': 14, 'normal_bikes': 1, 'ebikes': 2, 'has_ebikes': True}",14
61901a235d4cfceb7f8f2c3888b98617,10th & Columbia,49.262206,-123.109091,2024-12-18T07:00:34.924024Z,6,7,"{'uid': '0172', 'renting': True, 'returning': True, 'last_updated': 1734505126, 'slots': 14, 'normal_bikes': 5, 'ebikes': 1, 'has_ebikes': True}",13
625a2ad202275c8e2be3ce868e85b105,Heather & 14th,49.259183,-123.120126,2024-12-18T07:00:34.891312Z,2,13,"{'uid': '0106', 'renting': True, 'returning': True, 'last_updated': 1734505091, 'slots': 16, 'normal_bikes': 1, 'ebikes': 1, 'has_ebikes': True}",15
62a202eb98c0a4b09ba6746f5ee94ab3,Commercial & 20th,49.252656,-123.067965,2024-12-18T07:00:35.007076Z,1,19,"{'uid': '0352', 'renting': True, 'returning': True, 'last_updated': 1734504743, 'slots': 20, 'normal_bikes': 0, 'ebikes': 1, 'has_ebikes': True}",20
6526a2eb3832f9ba0224d237e901ea5b,Kitsilano Beach Park,49.273355,-123.154493,2024-12-18T07:00:34.923700Z,0,36,"{'uid': '0154', 'renting': False, 'returning': False, 'last_updated': 1730508744, 'slots': 36, 'normal_bikes': 0, 'ebikes': 0, 'has_ebikes': True}",36
6620c54bd6b3a79800b2b67e999b24d0,Rolston & Granville,49.274232,-123.129998,2024-12-18T07:00:35.006961Z,8,7,"{'uid': '0314', 'renting': True, 'returning': True, 'last_updated': 1734504946, 'slots': 16, 'normal_bikes': 7, 'ebikes': 1, 'has_ebikes': True}",15
664502c28e8147615f17b8ea355f40d0,Cordova & Bute,49.289124,-123.12196,2024-12-18T07:00:34.860646Z,12,2,"{'uid': '0034', 'renting': True, 'returning': True, 'last_updated': 1734505049, 'slots': 14, 'normal_bikes': 12, 'ebikes': 0, 'has_ebikes': True}",14
66f873d641d448bd1572ab086665a458,12th & Yukon (City Hall),49.260599,-123.113504,2024-12-18T07:00:34.859465Z,0,15,"{'uid': '0007', 'renting': True, 'returning': True, 'last_updated': 1734504755, 'slots': 16, 'normal_bikes': 0, 'ebikes': 0, 'has_ebikes': True}",15
671ce9e4a92063620f772d2c57f0f3ab,Blenheim & 4th,49.268837,-123.177633,2024-12-18T07:00:35.007574Z,4,19,"{'uid': '0431', 'renting': True, 'returning': True, 'last_updated': 1734504883, 'slots': 23, 'normal_bikes': 1, 'ebikes': 3, 'has_ebikes': True}",23
680b1ddfd50c4397b365c9c00f09b0d1,Wylie & 2nd,49.267725,-123.11311,2024-12-18T07:00:34.923446Z,13,5,"{'uid': '0144', 'renting': True, 'returning': True, 'last_updated': 1734505003, 'slots': 18, 'normal_bikes': 12, 'ebikes': 1, 'has_ebikes': True}",18
686b314a6c3348efd2297d6b3dfed1a7,Thurlow & Pendrell,49.280881,-123.130672,2024-12-18T07:00:34.905525Z,3,13,"{'uid': '0126', 'renting': True, 'returning': True, 'last_updated': 1734504754, 'slots': 16, 'normal_bikes': 0, 'ebikes': 3, 'has_ebikes': True}",16
686c0fdb962e26e274d81fc286c010dd,14th & Cambie,49.258763,-123.115392,2024-12-18T07:00:34.890154Z,4,10,"{'uid': '0072', 'renting': True, 'returning': True, 'last_updated': 1734505175, 'slots': 14, 'normal_bikes': 4, 'ebikes': 0, 'has_ebikes': True}",14
6993b3dbb0758927967592ea612a2b1e,Granville & Georgia,49.282409,-123.118541,2024-12-18T07:00:34.859914Z,4,14,"{'uid': '0015', 'renting': True, 'returning': True, 'last_updated': 1734504864, 'slots': 18, 'normal_bikes': 0, 'ebikes': 4, 'has_ebikes': True}",18
6b1622540fe5c85d365754dd8c20bf0c,Grant & Commercial,49.271377,-123.069416,2024-12-18T07:00:34.930260Z,5,9,"{'uid': '0239', 'renting': True, 'returning': True, 'last_updated': 1734504736, 'slots': 14, 'normal_bikes': 3, 'ebikes': 2, 'has_ebikes': True}",14
6c0de983fb47a3439a9e3c36a3d15804,8th & Ontario,49.263837,-123.105173,2024-12-18T07:00:34.891353Z,11,5,"{'uid': '0107', 'renting': True, 'returning': True, 'last_updated': 1734505121, 'slots': 16, 'normal_bikes': 9, 'ebikes': 2, 'has_ebikes': True}",16
6c24a62b5ee0a2a8014eb0dfb6d40025,Hornby & Nelson,49.28062,-123.12482,2024-12-18T07:00:34.860815Z,6,11,"{'uid': '0037', 'renting': True, 'returning': True, 'last_updated': 1734504808, 'slots': 18, 'normal_bikes': 0, 'ebikes': 6, 'has_ebikes': True}",17
6c7fb9043e6df5a4cc50404581a947b9,šxʷƛ̓ənəq Xwtl'e7énḵ Square - Vancouver Art Gallery,49.283227,-123.120523,2024-12-18T07:00:34.890895Z,9,16,"{'uid': '0099', 'renting': True, 'returning': True, 'last_updated': 1734504847, 'slots': 28, 'normal_bikes': 0, 'ebikes': 9, 'has_ebikes': True}",25
6d42fa40360f9a6b2bf641c7b8bb2862,Dunsmuir & Beatty,49.279764,-123.110154,2024-12-18T07:00:34.859335Z,7,18,"{'uid': '0005', 'renting': True, 'returning': True, 'last_updated': 1734505200, 'slots': 26, 'normal_bikes': 7, 'ebikes': 0, 'has_ebikes': True}",25
6ddeafa873279951630a00191333c45d,Robson & Granville,49.281506,-123.120101,2024-12-18T07:00:34.861728Z,8,15,"{'uid': '0063', 'renting': True, 'returning': True, 'last_updated': 1734505151, 'slots': 24, 'normal_bikes': 8, 'ebikes': 0, 'has_ebikes': True}",23
6eaa02e5bcf78db5386683d38fa2dabd,4th & Commercial,49.266969,-123.069936,2024-12-18T07:00:34.930423Z,4,10,"{'uid': '0241', 'renting': True, 'returning': True, 'last_updated': 1734505088, 'slots': 14, 'normal_bikes': 4, 'ebikes': 0, 'has_ebikes': True}",14
707c1c54e0278fbae5d0ae3c42a25b71,8th & Scotia,49.263635,-123.099236,2024-12-18T07:00:34.924936Z,4,8,"{'uid': '0206', 'renting': True, 'returning': True, 'last_updated': 1734504747, 'slots': 12, 'normal_bikes': 2, 'ebikes': 2, 'has_ebikes': True}",12
7181df50ee1d1a05559399211382b7c8,Homer & Robson (Vancouver Public Library),49.279739,-123.116251,2024-12-18T07:00:34.860248Z,3,17,"{'uid': '0025', 'renting': True, 'returning': True, 'last_updated': 1734505175, 'slots': 20, 'normal_bikes': 3, 'ebikes': 0, 'has_ebikes': True}",20
71c064fa93cab5f0b7306e6c923b77c4,7th & Granville,49.2653,-123.13811,2024-12-18T07:00:34.889939Z,4,10,"{'uid': '0069', 'renting': True, 'returning': True, 'last_updated': 1734505095, 'slots': 14, 'normal_bikes': 4, 'ebikes': 0, 'has_ebikes': True}",14
72c1049dfbbde7c24ec45c14f1a5ee85,Harwood & Bute,49.28026,-123.135244,2024-12-18T07:00:34.890677Z,5,15,"{'uid': '0088', 'renting': True, 'returning': True, 'last_updated': 1734504931, 'slots': 20, 'normal_bikes': 4, 'ebikes': 1, 'has_ebikes': True}",20
73f388336d879bedc962cd412eb0296e,Creekside Park North,49.2756,-123.102661,2024-12-18T07:00:34.923530Z,9,8,"{'uid': '0148', 'renting': True, 'returning': True, 'last_updated': 1734504170, 'slots': 18, 'normal_bikes': 9, 'ebikes': 0, 'has_ebikes': True}",17
77163e893653b88926e07fd6b9f688da,Nicola & Robson,49.2885056,-123.1312375,2024-12-18T07:00:34.890822Z,15,2,"{'uid': '0096', 'renting': True, 'returning': True, 'last_updated': 1734505208, 'slots': 18, 'normal_bikes': 13, 'ebikes': 2, 'has_ebikes': True}",17
797ff1725f8d2b18337de51e240ff60d,10th & Commercial,49.261403,-123.070102,2024-12-18T07:00:34.930588Z,15,10,"{'uid': '0244', 'renting': True, 'returning': True, 'last_updated': 1734505207, 'slots': 26, 'normal_bikes': 10, 'ebikes': 5, 'has_ebikes': True}",25
7a19c49f486d7c0c02b3685d7b240448,10th & Cambie,49.262487,-123.114397,2024-12-18T07:00:34.859060Z,18,18,"{'uid': '0001', 'renting': True, 'returning': True, 'last_updated': 1734505173, 'slots': 36, 'normal_bikes': 16, 'ebikes': 2, 'has_ebikes': True}",36
7b8dfa12900bcb02b47a14e4e5010ba3,Quebec & 1st,49.27033,-123.10275,2024-12-18T07:00:34.924184Z,5,10,"{'uid': '0177', 'renting': True, 'returning': True, 'last_updated': 1734504890, 'slots': 18, 'normal_bikes': 3, 'ebikes': 2, 'has_ebikes': True}",15
7c17f51469f1a7145455f65ef6afbd87,Lakewood & Oxford,49.285575,-123.061575,2024-12-18T07:00:35.009360Z,6,12,"{'uid': '0621', 'renting': True, 'returning': True, 'last_updated': 1734504956, 'slots': 18, 'normal_bikes': 3, 'ebikes': 3, 'has_ebikes': True}",18
7d231a181d21056e4ba80c4d9939fe92,Carolina & Great Northern Way,49.267266,-123.090786,2024-12-18T07:00:35.006444Z,9,6,"{'uid': '0287', 'renting': True, 'returning': True, 'last_updated': 1734504924, 'slots': 16, 'normal_bikes': 8, 'ebikes': 1, 'has_ebikes': True}",15
7ed043a19e6a4ece742fe747b663bdbf,Columbia & 5th,49.266476,-123.109389,2024-12-18T07:00:34.923862Z,14,4,"{'uid': '0165', 'renting': True, 'returning': True, 'last_updated': 1734504747, 'slots': 18, 'normal_bikes': 14, 'ebikes': 0, 'has_ebikes': True}",18
7f091b50fbbd892bf9fb869a64c47120,East Blvd & 37th,49.238105,-123.154966,2024-12-18T07:00:35.008398Z,3,16,"{'uid': '0482', 'renting': True, 'returning': True, 'last_updated': 1734505105, 'slots': 20, 'normal_bikes': 1, 'ebikes': 2, 'has_ebikes': True}",19
80b5c12ef21fd47275d37b2c9935249c,Trafalgar & Cornwall,49.272969,-123.164325,2024-12-18T07:00:35.008170Z,13,7,"{'uid': '0460', 'renting': True, 'returning': True, 'last_updated': 1734504762, 'slots': 20, 'normal_bikes': 12, 'ebikes': 1, 'has_ebikes': True}",20
826af7eee4ce28b6fa4b4f0211305792,5th & Arbutus,49.267222,-123.153157,2024-12-18T07:00:34.891464Z,5,11,"{'uid': '0110', 'renting': True, 'returning': True, 'last_updated': 1734505171, 'slots': 16, 'normal_bikes': 3, 'ebikes': 2, 'has_ebikes': True}",16
82c794442f54fabf9db6e392ca1fac0f,Stanley Park - Information Booth,49.297933,-123.130758,2024-12-18T07:00:34.925039Z,7,13,"{'uid': '0209', 'renting': True, 'returning': True, 'last_updated': 1734505047, 'slots': 20, 'normal_bikes': 5, 'ebikes': 2, 'has_ebikes': True}",20
838d5bb59963474ad08a6d5b156943ed,14th & Main,49.258425,-123.100792,2024-12-18T07:00:34.905711Z,3,11,"{'uid': '0134', 'renting': True, 'returning': True, 'last_updated': 1734505033, 'slots': 14, 'normal_bikes': 1, 'ebikes': 2, 'has_ebikes': True}",14
852212d6d52b5f00544fad01d21c7db2,Georgia & Main,49.278529,-123.100017,2024-12-18T07:00:34.924701Z,15,5,"{'uid': '0199', 'renting': True, 'returning': True, 'last_updated': 1734505002, 'slots': 20, 'normal_bikes': 14, 'ebikes': 1, 'has_ebikes': True}",20
8757f74d199ba5cdbcf6ffe98a993c4d,Agronomy & East Mall,49.261736,-123.24648,2024-12-18T07:00:35.042544Z,10,8,"{'uid': '2136', 'renting': True, 'returning': True, 'last_updated': 1734505210, 'slots': 18, 'normal_bikes': 6, 'ebikes': 4, 'has_ebikes': True}",18
899f59a9994302e8e1e4be01117ef707,Alma & Point Grey,49.27247,-123.185643,2024-12-18T07:00:35.007356Z,16,8,"{'uid': '0410', 'renting': True, 'returning': True, 'last_updated': 1734505190, 'slots': 24, 'normal_bikes': 12, 'ebikes': 4, 'has_ebikes': True}",24
89a0b49a66e54a7639ad960962148a3e,20th & Main,49.252691,-123.101289,2024-12-18T07:00:35.009073Z,0,16,"{'uid': '0561', 'renting': True, 'returning': True, 'last_updated': 1734504803, 'slots': 16, 'normal_bikes': 0, 'ebikes': 0, 'has_ebikes': True}",16
8c9ea7f2132376859ef34fab981d6932,Nelson & Mainland,49.276436,-123.11877,2024-12-18T07:00:34.890415Z,19,0,"{'uid': '0078', 'renting': True, 'returning': True, 'last_updated': 1734505170, 'slots': 20, 'normal_bikes': 18, 'ebikes': 1, 'has_ebikes': True}",19
8d2d5bb3b9142f781f2a7f441e6bad7a,Point Grey & Blenheim,49.271471,-123.17731,2024-12-18T07:00:35.007643Z,4,9,"{'uid': '0440', 'renting': True, 'returning': True, 'last_updated': 1734505142, 'slots': 14, 'normal_bikes': 2, 'ebikes': 2, 'has_ebikes': True}",13
8d5f47f01d7ad668419dfe9b7fe69c9a,Yukon & 6th,49.265939,-123.1129,2024-12-18T07:00:34.923983Z,11,3,"{'uid': '0171', 'renting': True, 'returning': True, 'last_updated': 1734505104, 'slots': 18, 'normal_bikes': 11, 'ebikes': 0, 'has_ebikes': True}",14
8d6f0cbf7d44d2908c8ce73ed00dbf66,Burrard & 7th,49.265336,-123.145823,2024-12-18T07:00:34.923308Z,4,13,"{'uid': '0140', 'renting': True, 'returning': True, 'last_updated': 1734504723, 'slots': 16, 'normal_bikes': 1, 'ebikes': 3, 'has_ebikes': True}",17
8dc684732a2a25bdf63ec0ecccee4e6e,14th & Granville,49.25894,-123.139272,2024-12-18T07:00:34.890073Z,1,13,"{'uid': '0071', 'renting': True, 'returning': True, 'last_updated': 1734505003, 'slots': 14, 'normal_bikes': 1, 'ebikes': 0, 'has_ebikes': True}",14
8e44a17d2fa446ca220b90c7063b42ca,Wall & Eton,49.287464,-123.060771,2024-12-18T07:00:35.009250Z,15,3,"{'uid': '0611', 'renting': True, 'returning': True, 'last_updated': 1734504885, 'slots': 18, 'normal_bikes': 14, 'ebikes': 1, 'has_ebikes': True}",18
8e93d0da1ee6caadf21ed9575b5fa9da,Beach & Cardero,49.283298,-123.142288,2024-12-18T07:00:34.923358Z,10,11,"{'uid': '0142', 'renting': True, 'returning': True, 'last_updated': 1734504727, 'slots': 22, 'normal_bikes': 7, 'ebikes': 3, 'has_ebikes': True}",21
8fb5ce1e34ad31de940481953aea452c,Cypress & 4th,49.268269,-123.147885,2024-12-18T07:00:34.890338Z,3,14,"{'uid': '0076', 'renting': True, 'returning': True, 'last_updated': 1734504728, 'slots': 18, 'normal_bikes': 2, 'ebikes': 1, 'has_ebikes': True}",17
90c746df94ce1a12f1f617acfe4a8ce3,Bute & Robson,49.285836,-123.127265,2024-12-18T07:00:34.860760Z,0,0,"{'uid': '0036', 'renting': False, 'returning': False, 'last_updated': 0, 'slots': 0, 'normal_bikes': 0, 'ebikes': 0, 'has_ebikes': True}",0
910027847876403b57f1013c16504688,Richards & Robson,49.280216,-123.117639,2024-12-18T07:00:34.905562Z,0,18,"{'uid': '0129', 'renting': True, 'returning': True, 'last_updated': 1734504754, 'slots': 20, 'normal_bikes': 0, 'ebikes': 0, 'has_ebikes': True}",18
91035fe1d70b65c9cb8ec4a007af7c7f,Glen & Union,49.277469,-123.081315,2024-12-18T07:00:34.925443Z,9,5,"{'uid': '0221', 'renting': True, 'returning': True, 'last_updated': 1734504729, 'slots': 14, 'normal_bikes': 7, 'ebikes': 2, 'has_ebikes': True}",14
9130f9aa3bb037a04c17e6f2630327e5,8th & Yukon,49.263962,-123.112621,2024-12-18T07:00:34.923942Z,16,8,"{'uid': '0170', 'renting': True, 'returning': True, 'last_updated': 1734505112, 'slots': 24, 'normal_bikes': 11, 'ebikes': 5, 'has_ebikes': True}",24
92c9e62c0b42adf4759c430009d3987a,1st & Chestnut,49.270721,-123.146175,2024-12-18T07:00:34.891391Z,4,22,"{'uid': '0108', 'renting': True, 'returning': True, 'last_updated': 1734504849, 'slots': 26, 'normal_bikes': 4, 'ebikes': 0, 'has_ebikes': True}",26
93c88a18c673e2c72a6afa93d6b89f18,10th & Main,49.262141,-123.101961,2024-12-18T07:00:34.890255Z,6,12,"{'uid': '0074', 'renting': True, 'returning': True, 'last_updated': 1734505171, 'slots': 18, 'normal_bikes': 2, 'ebikes': 4, 'has_ebikes': True}",18
9413725a5d3bb5ce2ad0682b07a3ffab,Georgia & Homer,49.280787,-123.115271,2024-12-18T07:00:35.006678Z,3,15,"{'uid': '0305', 'renting': True, 'returning': True, 'last_updated': 1734505022, 'slots': 18, 'normal_bikes': 1, 'ebikes': 2, 'has_ebikes': True}",18
9449a6a83fbf88452e384350e5ac95b7,York & Yew,49.271741,-123.155421,2024-12-18T07:00:34.924858Z,7,13,"{'uid': '0204', 'renting': True, 'returning': True, 'last_updated': 1734504961, 'slots': 20, 'normal_bikes': 6, 'ebikes': 1, 'has_ebikes': True}",20
95e624191c655f50e401d280cd39a9ad,Ontario & Seawall,49.271721,-123.104207,2024-12-18T07:00:34.859691Z,15,4,"{'uid': '0011', 'renting': True, 'returning': True, 'last_updated': 1734504953, 'slots': 20, 'normal_bikes': 15, 'ebikes': 0, 'has_ebikes': True}",19
96bf713e60bc35cc2feb5fd53a4f3471,10th & Granville,49.262598,-123.138921,2024-12-18T07:00:34.890006Z,5,9,"{'uid': '0070', 'renting': True, 'returning': True, 'last_updated': 1734504454, 'slots': 14, 'normal_bikes': 5, 'ebikes': 0, 'has_ebikes': True}",14
97005696a3dff3366a8410b817388990,15th & Knight,49.256496,-123.075426,2024-12-18T07:00:35.006311Z,10,4,"{'uid': '0283', 'renting': True, 'returning': True, 'last_updated': 1734505166, 'slots': 14, 'normal_bikes': 8, 'ebikes': 2, 'has_ebikes': True}",14
97388f4e4ea102a30345524bda465f4e,Ontario & 23rd,49.249722,-123.104991,2024-12-18T07:00:35.008906Z,3,9,"{'uid': '0554', 'renting': True, 'returning': True, 'last_updated': 1734504827, 'slots': 12, 'normal_bikes': 2, 'ebikes': 1, 'has_ebikes': True}",12
9763838317308a4766b83696986a157b,Dunbar & Broadway,49.264579,-123.18373,2024-12-18T07:00:35.007470Z,11,15,"{'uid': '0415', 'renting': True, 'returning': True, 'last_updated': 1734504897, 'slots': 26, 'normal_bikes': 11, 'ebikes': 0, 'has_ebikes': True}",26
97b25faf822b93fdbf72da1d594c0288,Carrall & Hastings,49.28117,-123.104419,2024-12-18T07:00:34.890858Z,13,4,"{'uid': '0098', 'renting': True, 'returning': True, 'last_updated': 1734505137, 'slots': 18, 'normal_bikes': 12, 'ebikes': 1, 'has_ebikes': True}",17
983e58671adcc67af94457d7887dbb15,8th & Commercial,49.263242,-123.070521,2024-12-18T07:00:34.930506Z,8,12,"{'uid': '0242', 'renting': True, 'returning': True, 'last_updated': 1734505120, 'slots': 20, 'normal_bikes': 7, 'ebikes': 1, 'has_ebikes': True}",20
988f8f74c4a12d1a30ddf2f7cd6318f8,Charleson Park,49.267628,-123.127698,2024-12-18T07:00:34.923402Z,12,2,"{'uid': '0143', 'renting': True, 'returning': True, 'last_updated': 1734504974, 'slots': 14, 'normal_bikes': 11, 'ebikes': 1, 'has_ebikes': True}",14
99c81f71db35911c79a86a1c5edc5604,Beach & Hornby,49.275295,-123.132585,2024-12-18T07:00:34.861118Z,1,21,"{'uid': '0045', 'renting': True, 'returning': True, 'last_updated': 1734504805, 'slots': 22, 'normal_bikes': 1, 'ebikes': 0, 'has_ebikes': True}",22
9a48ca226f82f52d02707b054ebc7e9e,Princess & Union,49.277615,-123.091654,2024-12-18T07:00:34.925280Z,5,6,"{'uid': '0215', 'renting': True, 'returning': True, 'last_updated': 1734504817, 'slots': 12, 'normal_bikes': 4, 'ebikes': 1, 'has_ebikes': True}",11
9a5478470b56379c31cf4e671584d5cc,3rd & Quebec,49.268216,-123.103168,2024-12-18T07:00:34.905349Z,13,7,"{'uid': '0119', 'renting': True, 'returning': True, 'last_updated': 1734504960, 'slots': 20, 'normal_bikes': 12, 'ebikes': 1, 'has_ebikes': True}",20
9aa325529164ec68b4d96c4f1c4fc7c1,Stanley Park - Second Beach South,49.294318,-123.148808,2024-12-18T07:00:34.891045Z,15,3,"{'uid': '0104', 'renting': True, 'returning': True, 'last_updated': 1734504982, 'slots': 18, 'normal_bikes': 15, 'ebikes': 0, 'has_ebikes': True}",18
9bee3167f10c884044cea0d36afcd1ef,6th & Carolina,49.265213,-123.090785,2024-12-18T07:00:35.006561Z,4,12,"{'uid': '0298', 'renting': True, 'returning': True, 'last_updated': 1734505045, 'slots': 16, 'normal_bikes': 2, 'ebikes': 2, 'has_ebikes': True}",16
9c0de696170169c26100b598219df4e9,UBC Bookstore,49.265207,-123.250139,2024-12-18T07:00:35.042465Z,4,7,"{'uid': '2134', 'renting': True, 'returning': True, 'last_updated': 1734504869, 'slots': 12, 'normal_bikes': 4, 'ebikes': 0, 'has_ebikes': True}",11
9c1397c06e07bf74fc049f1a0872eea0,Balaclava & Broadway,49.264483,-123.173926,2024-12-18T07:00:35.007757Z,5,13,"{'uid': '0444', 'renting': True, 'returning': True, 'last_updated': 1734503834, 'slots': 18, 'normal_bikes': 2, 'ebikes': 3, 'has_ebikes': True}",18
9d3123425823420514b8ad410074f02d,Expo & Carrall,49.278004,-123.105664,2024-12-18T07:00:34.861455Z,10,6,"{'uid': '0054', 'renting': True, 'returning': True, 'last_updated': 1734505165, 'slots': 16, 'normal_bikes': 10, 'ebikes': 0, 'has_ebikes': True}",16
9ec4163496363b31ab475cb851b57b21,Beach & Seymour,49.273568,-123.129935,2024-12-18T07:00:34.905779Z,18,0,"{'uid': '0137', 'renting': True, 'returning': True, 'last_updated': 1734504881, 'slots': 18, 'normal_bikes': 16, 'ebikes': 2, 'has_ebikes': True}",18
9ee3bc9e836768e3e04e4f3328dae03b,27th & Main,49.247204,-123.101549,2024-12-18T07:00:35.009192Z,5,16,"{'uid': '0565', 'renting': True, 'returning': True, 'last_updated': 1734504752, 'slots': 22, 'normal_bikes': 2, 'ebikes': 3, 'has_ebikes': True}",21
9f63cebac9073eac3e90be2b9a91b02b,Stanley Park - Second Beach North,49.29534,-123.150433,2024-12-18T07:00:34.890968Z,13,2,"{'uid': '0102', 'renting': True, 'returning': True, 'last_updated': 1734504777, 'slots': 16, 'normal_bikes': 8, 'ebikes': 5, 'has_ebikes': True}",15
a21f40838346e300063bdda3c5c04105,Keith & 6th,49.265005,-123.079481,2024-12-18T07:00:34.929988Z,13,15,"{'uid': '0236', 'renting': True, 'returning': True, 'last_updated': 1734504754, 'slots': 28, 'normal_bikes': 12, 'ebikes': 1, 'has_ebikes': True}",28
a25947c94149b3aeb93f6e970d63fffc,Jericho Beach,49.271221,-123.191133,2024-12-18T07:00:35.007191Z,10,16,"{'uid': '0400', 'renting': True, 'returning': True, 'last_updated': 1734505164, 'slots': 26, 'normal_bikes': 10, 'ebikes': 0, 'has_ebikes': True}",26
a59924f0ff3fb481a7bd8a5e9c36858f,Point Grey & Bayswater,49.271044,-123.170661,2024-12-18T07:00:35.007813Z,7,9,"{'uid': '0450', 'renting': True, 'returning': True, 'last_updated': 1734505083, 'slots': 16, 'normal_bikes': 6, 'ebikes': 1, 'has_ebikes': True}",16
a6455af6b689bcbad07ae2c8a3419b50,7th & Woodland,49.264251,-123.073853,2024-12-18T07:00:34.930904Z,4,8,"{'uid': '0249', 'renting': True, 'returning': True, 'last_updated': 1734505086, 'slots': 12, 'normal_bikes': 4, 'ebikes': 0, 'has_ebikes': True}",12
a6aec7b8c25da4c02829cd7839b8933d,Aquatic Centre,49.27821,-123.136972,2024-12-18T07:00:34.890563Z,21,19,"{'uid': '0083', 'renting': True, 'returning': True, 'last_updated': 1734505190, 'slots': 40, 'normal_bikes': 20, 'ebikes': 1, 'has_ebikes': True}",40
a9f0b06d07f89b75e92c0cf686223aea,Georgia & Thurlow,49.285953,-123.124066,2024-12-18T07:00:34.905448Z,10,1,"{'uid': '0123', 'renting': True, 'returning': True, 'last_updated': 1734505115, 'slots': 12, 'normal_bikes': 5, 'ebikes': 5, 'has_ebikes': True}",11
aa1cbf97abc3cd50515bc54633a9bb2a,Cordova & Granville,49.2856698,-123.1125432,2024-12-18T07:00:34.860139Z,4,13,"{'uid': '0021', 'renting': True, 'returning': True, 'last_updated': 1734505194, 'slots': 18, 'normal_bikes': 2, 'ebikes': 2, 'has_ebikes': True}",17
aa704bfba40286bd0661b64d1f75e778,Vanier Park,49.275717,-123.142564,2024-12-18T07:00:34.890376Z,10,18,"{'uid': '0077', 'renting': True, 'returning': True, 'last_updated': 1734505154, 'slots': 28, 'normal_bikes': 8, 'ebikes': 2, 'has_ebikes': True}",28
abfaf72456a4828a22f5bf60d3a80777,Trafalgar & Broadway,49.264326,-123.164725,2024-12-18T07:00:35.008227Z,7,7,"{'uid': '0464', 'renting': True, 'returning': True, 'last_updated': 1734505073, 'slots': 16, 'normal_bikes': 2, 'ebikes': 5, 'has_ebikes': True}",14
ac3b8198f03754a0afb8b6ed6d220cdd,Napier & Commercial,49.274881,-123.069323,2024-12-18T07:00:34.929642Z,2,12,"{'uid': '0231', 'renting': True, 'returning': True, 'last_updated': 1734504712, 'slots': 14, 'normal_bikes': 2, 'ebikes': 0, 'has_ebikes': True}",14
ace20c241ee38643c9060f290b215b9d,7th & Laurel,49.265071,-123.123864,2024-12-18T07:00:34.924463Z,8,6,"{'uid': '0191', 'renting': True, 'returning': True, 'last_updated': 1734505127, 'slots': 14, 'normal_bikes': 7, 'ebikes': 1, 'has_ebikes': True}",14
ae69aeab748d02e5a7d89da28a1a8511,Science World,49.273691,-123.102232,2024-12-18T07:00:34.924543Z,11,5,"{'uid': '0193', 'renting': True, 'returning': True, 'last_updated': 1734504795, 'slots': 16, 'normal_bikes': 11, 'ebikes': 0, 'has_ebikes': True}",16
aed214941445e0345aa3254805a9e8b8,Pender & Victoria,49.280197,-123.065859,2024-12-18T07:00:35.001914Z,5,11,"{'uid': '0272', 'renting': True, 'returning': True, 'last_updated': 1734504879, 'slots': 16, 'normal_bikes': 0, 'ebikes': 5, 'has_ebikes': True}",16
afacb2133f2462aba7748cc21b71c788,Cypress & 16th,49.25741,-123.148531,2024-12-18T07:00:34.905283Z,6,6,"{'uid': '0115', 'renting': True, 'returning': True, 'last_updated': 1734504810, 'slots': 12, 'normal_bikes': 6, 'ebikes': 0, 'has_ebikes': True}",12
b07d513f87897cff7319a0e59d7e567c,Spyglass & Seawall,49.270877,-123.115103,2024-12-18T07:00:34.859581Z,7,7,"{'uid': '0009', 'renting': True, 'returning': True, 'last_updated': 1734505167, 'slots': 14, 'normal_bikes': 7, 'ebikes': 0, 'has_ebikes': True}",14
b10d422b045805f1c350c47c983381e8,Keefer & Hawks,49.279235,-123.087528,2024-12-18T07:00:34.928636Z,11,5,"{'uid': '0228', 'renting': True, 'returning': True, 'last_updated': 1734504746, 'slots': 16, 'normal_bikes': 10, 'ebikes': 1, 'has_ebikes': True}",16
b26f83e904f3a778466ebcd763b7316a,29th & Cambie,49.245135,-123.116098,2024-12-18T07:00:35.008730Z,8,12,"{'uid': '0526', 'renting': True, 'returning': True, 'last_updated': 1734505183, 'slots': 20, 'normal_bikes': 6, 'ebikes': 2, 'has_ebikes': True}",20
b2c6aaf2b4fa8937bfe3941c038683aa,Victoria & 10th,49.261188,-123.066009,2024-12-18T07:00:35.005979Z,0,0,"{'uid': '0274', 'renting': False, 'returning': False, 'last_updated': 0, 'slots': 0, 'normal_bikes': 0, 'ebikes': 0, 'has_ebikes': True}",0
b307709b305dd04328fbbf2c6db86419,Commercial & Adanac,49.277436,-123.070427,2024-12-18T07:00:34.925524Z,2,14,"{'uid': '0223', 'renting': True, 'returning': True, 'last_updated': 1734505080, 'slots': 16, 'normal_bikes': 2, 'ebikes': 0, 'has_ebikes': True}",16
b30ed0719dd281867a4d39779c78b58a,Columbia & 14th,49.258902,-123.109596,2024-12-18T07:00:34.924265Z,4,10,"{'uid': '0180', 'renting': True, 'returning': True, 'last_updated': 1734504926, 'slots': 14, 'normal_bikes': 3, 'ebikes': 1, 'has_ebikes': True}",14
b3bb9f58d3530d33a1a09b6be9e973e0,Dunsmuir & Richards,49.282214,-123.114101,2024-12-18T07:00:34.859746Z,8,13,"{'uid': '0012', 'renting': True, 'returning': True, 'last_updated': 1734505145, 'slots': 22, 'normal_bikes': 1, 'ebikes': 7, 'has_ebikes': True}",21
b428c0e64d9b9fdb3bf8e85c95ffdf6b,Campbell & Hastings,49.280852,-123.084746,2024-12-18T07:00:34.925643Z,9,6,"{'uid': '0227', 'renting': True, 'returning': True, 'last_updated': 1734505037, 'slots': 14, 'normal_bikes': 9, 'ebikes': 0, 'has_ebikes': True}",15
b530d04d393d71cffb8b8b07f4a82380,Franklin & Nanaimo,49.282087,-123.056909,2024-12-18T07:00:35.009468Z,3,17,"{'uid': '0642', 'renting': True, 'returning': True, 'last_updated': 1734504932, 'slots': 20, 'normal_bikes': 2, 'ebikes': 1, 'has_ebikes': True}",20
b562f08327af465e4531e20226789489,Charles & Commercial,49.273103,-123.069892,2024-12-18T07:00:34.929910Z,0,22,"{'uid': '0235', 'renting': True, 'returning': True, 'last_updated': 1734505155, 'slots': 22, 'normal_bikes': 0, 'ebikes': 0, 'has_ebikes': True}",22
b7683a86874e6300fd89f4cc0b075f57,Beatty & Nelson,49.275679,-123.116963,2024-12-18T07:00:34.860360Z,14,0,"{'uid': '0027', 'renting': True, 'returning': True, 'last_updated': 1734504956, 'slots': 14, 'normal_bikes': 11, 'ebikes': 3, 'has_ebikes': True}",14
b7dd37a7dd668d6d10024b7f18acc438,Trimble & 8th,49.2658,-123.20596,2024-12-18T07:00:35.009522Z,9,10,"{'uid': '0715', 'renting': True, 'returning': True, 'last_updated': 1734504911, 'slots': 20, 'normal_bikes': 8, 'ebikes': 1, 'has_ebikes': True}",19
b9ab6ce009eda6006ade1d7568d9db9c,David Lam Park,49.270905,-123.126006,2024-12-18T07:00:34.905745Z,7,7,"{'uid': '0136', 'renting': True, 'returning': True, 'last_updated': 1734505124, 'slots': 18, 'normal_bikes': 7, 'ebikes': 0, 'has_ebikes': True}",14
b9baf685b7053de899bf3467f61c2781,Burrard & 4th,49.267859,-123.145782,2024-12-18T07:00:34.923250Z,13,2,"{'uid': '0139', 'renting': True, 'returning': True, 'last_updated': 1734505137, 'slots': 16, 'normal_bikes': 12, 'ebikes': 1, 'has_ebikes': True}",15
b9fd847d53fe45658fee4c46e7f562b8,Cypress & Cornwall,49.272827,-123.147744,2024-12-18T07:00:34.889414Z,18,4,"{'uid': '0065', 'renting': True, 'returning': True, 'last_updated': 1734505110, 'slots': 22, 'normal_bikes': 17, 'ebikes': 1, 'has_ebikes': True}",22
bb0847559ce71c93d8215c0997ea2811,Keefer & Princess,49.279369,-123.091241,2024-12-18T07:00:34.929438Z,1,13,"{'uid': '0229', 'renting': True, 'returning': True, 'last_updated': 1734505112, 'slots': 14, 'normal_bikes': 1, 'ebikes': 0, 'has_ebikes': True}",14
be14efdc86dedd6a8cd338e78ab4e7c7,Bidwell & Burnaby,49.28526,-123.141809,2024-12-18T07:00:34.861673Z,0,0,"{'uid': '0060', 'renting': False, 'returning': False, 'last_updated': 1733768082, 'slots': 0, 'normal_bikes': 0, 'ebikes': 0, 'has_ebikes': True}",0
bede4b24dae115d4cd43d2e6cc9812cb,11th & Kingsway,49.261122,-123.097571,2024-12-18T07:00:34.924224Z,8,7,"{'uid': '0179', 'renting': True, 'returning': True, 'last_updated': 1734505199, 'slots': 16, 'normal_bikes': 6, 'ebikes': 2, 'has_ebikes': True}",15
bf8408067b0e0c963f3ff526977bcef3,Pender & Burrard,49.287097,-123.118551,2024-12-18T07:00:34.859970Z,20,4,"{'uid': '0016', 'renting': True, 'returning': True, 'last_updated': 1734505196, 'slots': 26, 'normal_bikes': 14, 'ebikes': 6, 'has_ebikes': True}",24
bf96df77771ef0ed710d8e0e67917f45,Columbia & 1st,49.269969,-123.109623,2024-12-18T07:00:34.924065Z,12,12,"{'uid': '0173', 'renting': True, 'returning': True, 'last_updated': 1734505072, 'slots': 24, 'normal_bikes': 10, 'ebikes': 2, 'has_ebikes': True}",24
c2a9c5d0e4578b928554c86f3d2c1162,Melville & Bute,49.287782,-123.12395,2024-12-18T07:00:34.924424Z,7,7,"{'uid': '0190', 'renting': True, 'returning': True, 'last_updated': 1734505000, 'slots': 14, 'normal_bikes': 7, 'ebikes': 0, 'has_ebikes': True}",14
c2be5403b1c101e8032cf6696457200e,Anderson & 2nd,49.269361,-123.13782,2024-12-18T07:00:34.889498Z,8,20,"{'uid': '0066', 'renting': True, 'returning': True, 'last_updated': 1734504933, 'slots': 28, 'normal_bikes': 8, 'ebikes': 0, 'has_ebikes': True}",28
c2f4e05c01ea0d27934ac7dbc50cbd0c,5th & Main,49.266456,-123.100324,2024-12-18T07:00:34.924661Z,2,18,"{'uid': '0198', 'renting': True, 'returning': True, 'last_updated': 1734505115, 'slots': 20, 'normal_bikes': 2, 'ebikes': 0, 'has_ebikes': True}",20
c448b73d92f7f8e1daafb3b9c5fbe6a6,Alexander & Dunlevy,49.284062,-123.095097,2024-12-18T07:00:34.923822Z,8,6,"{'uid': '0161', 'renting': True, 'returning': True, 'last_updated': 1734505080, 'slots': 14, 'normal_bikes': 4, 'ebikes': 4, 'has_ebikes': True}",14
c47a1f62ea461ce1c9f3e2478c657df6,13th & St George,49.258817,-123.092797,2024-12-18T07:00:35.001369Z,2,14,"{'uid': '0258', 'renting': True, 'returning': True, 'last_updated': 1734504771, 'slots': 16, 'normal_bikes': 2, 'ebikes': 0, 'has_ebikes': True}",16
c52e51e3288a00993bdf892fdc2c2c2c,Commercial & Pandora,49.283236,-123.070443,2024-12-18T07:00:35.006382Z,16,0,"{'uid': '0285', 'renting': True, 'returning': True, 'last_updated': 1734505155, 'slots': 16, 'normal_bikes': 13, 'ebikes': 3, 'has_ebikes': True}",16
c64ee19c62a363019ddbaedf71df2882,Grandview & Commercial,49.263746,-123.069892,2024-12-18T07:00:35.000978Z,9,7,"{'uid': '0254', 'renting': True, 'returning': True, 'last_updated': 1734505208, 'slots': 16, 'normal_bikes': 9, 'ebikes': 0, 'has_ebikes': True}",16
c7b5bec0b2f4ab9a2d3f9d837725620c,Expo & Smithe,49.276115,-123.114496,2024-12-18T07:00:34.861841Z,13,1,"{'uid': '0064', 'renting': True, 'returning': True, 'last_updated': 1734504761, 'slots': 14, 'normal_bikes': 12, 'ebikes': 1, 'has_ebikes': True}",14
c81f75a80312c51ceaef1304beac1990,Cypress & 14th,49.25919,-123.148268,2024-12-18T07:00:34.891601Z,4,8,"{'uid': '0114', 'renting': True, 'returning': True, 'last_updated': 1734505177, 'slots': 12, 'normal_bikes': 4, 'ebikes': 0, 'has_ebikes': True}",12
c90ac84be9adfa8c4bbd0c1ce789ec3a,Brock Commons,49.269172,-123.25279,2024-12-18T07:00:35.009738Z,7,13,"{'uid': '2131', 'renting': True, 'returning': True, 'last_updated': 1734505071, 'slots': 20, 'normal_bikes': 5, 'ebikes': 2, 'has_ebikes': True}",20
c924f6a41b130fad49cfae47271314bc,Beach & Broughton,49.281301,-123.139108,2024-12-18T07:00:34.890601Z,13,9,"{'uid': '0084', 'renting': True, 'returning': True, 'last_updated': 1734504964, 'slots': 22, 'normal_bikes': 13, 'ebikes': 0, 'has_ebikes': True}",22
cadc004f0903ef45e898032143c0832f,Arbutus Greenway & 14th,49.258924,-123.152591,2024-12-18T07:00:34.923613Z,3,17,"{'uid': '0152', 'renting': True, 'returning': True, 'last_updated': 1734504828, 'slots': 20, 'normal_bikes': 2, 'ebikes': 1, 'has_ebikes': True}",20
cb6fddfdac7d350d25be475c7ab9e05a,Alexander & Main,49.284157,-123.099917,2024-12-18T07:00:34.923571Z,15,5,"{'uid': '0150', 'renting': True, 'returning': True, 'last_updated': 1734505049, 'slots': 20, 'normal_bikes': 14, 'ebikes': 1, 'has_ebikes': True}",20
cc2084e365f6f230fe26bae0b6867775,Hornby & Drake,49.277178,-123.13,2024-12-18T07:00:34.924583Z,7,15,"{'uid': '0196', 'renting': True, 'returning': True, 'last_updated': 1734504957, 'slots': 24, 'normal_bikes': 5, 'ebikes': 2, 'has_ebikes': True}",22
cc25ae4f093b33ba0afd1dbc0dd20324,Highbury & 8th,49.265442,-123.187738,2024-12-18T07:00:35.007301Z,8,12,"{'uid': '0403', 'renting': True, 'returning': True, 'last_updated': 1734504739, 'slots': 20, 'normal_bikes': 7, 'ebikes': 1, 'has_ebikes': True}",20
cde61c70e5556ee2fe3ceb9d958b6482,Pharmaceutical Sciences,49.26262,-123.2431,2024-12-18T07:00:35.042696Z,7,17,"{'uid': '2156', 'renting': True, 'returning': True, 'last_updated': 1734504809, 'slots': 24, 'normal_bikes': 6, 'ebikes': 1, 'has_ebikes': True}",24
ce5dccf5a0f190bb4567a2fd93e7971e,Haro & Denman,49.290587,-123.13625,2024-12-18T07:00:34.905404Z,16,4,"{'uid': '0122', 'renting': True, 'returning': True, 'last_updated': 1734505093, 'slots': 20, 'normal_bikes': 15, 'ebikes': 1, 'has_ebikes': True}",20
d02e2eaafda91425eddd24d8acd328ab,Windsor & 14th,49.257985,-123.083366,2024-12-18T07:00:35.006168Z,6,8,"{'uid': '0281', 'renting': True, 'returning': True, 'last_updated': 1734504971, 'slots': 14, 'normal_bikes': 6, 'ebikes': 0, 'has_ebikes': True}",14
d0782213f003ce9eb276fbceff44f1f4,Prince Edward & 16th,49.256694,-123.096579,2024-12-18T07:00:35.001196Z,6,8,"{'uid': '0256', 'renting': True, 'returning': True, 'last_updated': 1734504829, 'slots': 14, 'normal_bikes': 3, 'ebikes': 3, 'has_ebikes': True}",14
d085c6749a32517e1fb0d070e4128402,Cardero & Davie,49.285512,-123.1384,2024-12-18T07:00:34.860925Z,1,17,"{'uid': '0040', 'renting': True, 'returning': True, 'last_updated': 1734504981, 'slots': 18, 'normal_bikes': 1, 'ebikes': 0, 'has_ebikes': True}",18
d1c9556d92f329703229fb3e33899a3b,Stamps Landing,49.26893,-123.11813,2024-12-18T07:00:34.859636Z,5,9,"{'uid': '0010', 'renting': True, 'returning': True, 'last_updated': 1734504797, 'slots': 14, 'normal_bikes': 4, 'ebikes': 1, 'has_ebikes': True}",14
d2244f1a81d317c76cabd65e81250835,Marinaside & Davie,49.273471,-123.118016,2024-12-18T07:00:34.860026Z,15,7,"{'uid': '0017', 'renting': True, 'returning': True, 'last_updated': 1734505130, 'slots': 22, 'normal_bikes': 14, 'ebikes': 1, 'has_ebikes': True}",22
d3aaff4414a8c3fd5480c470f77ff68a,Adanac & McLean,49.277665,-123.073653,2024-12-18T07:00:34.925485Z,15,7,"{'uid': '0222', 'renting': True, 'returning': True, 'last_updated': 1734505065, 'slots': 22, 'normal_bikes': 14, 'ebikes': 1, 'has_ebikes': True}",22
d4afc7056df9fad360ed00e59cd4368e,Bute & Davie,49.282055,-123.133045,2024-12-18T07:00:34.924344Z,3,16,"{'uid': '0187', 'renting': True, 'returning': True, 'last_updated': 1734505122, 'slots': 20, 'normal_bikes': 1, 'ebikes': 2, 'has_ebikes': True}",19
d67640af1b3b3b3ce47169dbc9182470,Victoria & 4th,49.266725,-123.065925,2024-12-18T07:00:35.005888Z,5,11,"{'uid': '0273', 'renting': True, 'returning': True, 'last_updated': 1734505149, 'slots': 16, 'normal_bikes': 4, 'ebikes': 1, 'has_ebikes': True}",16
d8c4fe5e09b6f010fbaa85cc7302d66b,Heather & 29th,49.245535,-123.120496,2024-12-18T07:00:35.008621Z,6,16,"{'uid': '0516', 'renting': True, 'returning': True, 'last_updated': 1734504813, 'slots': 22, 'normal_bikes': 6, 'ebikes': 0, 'has_ebikes': True}",22
d91964be5355206abc053e5bb28f927f,McNicoll & Arbutus,49.276292,-123.150592,2024-12-18T07:00:34.923741Z,26,4,"{'uid': '0155', 'renting': True, 'returning': True, 'last_updated': 1734505082, 'slots': 30, 'normal_bikes': 26, 'ebikes': 0, 'has_ebikes': True}",30
da8b6e94f90ad41a3f8de10596992372,Jervis & Robson,49.28691,-123.128818,2024-12-18T07:00:35.006792Z,8,11,"{'uid': '0310', 'renting': True, 'returning': True, 'last_updated': 1734505209, 'slots': 20, 'normal_bikes': 7, 'ebikes': 1, 'has_ebikes': True}",19
db1e56a71a3279f51301d732ee5a055b,IK Barber Learning Centre,49.267561,-123.252261,2024-12-18T07:00:35.009862Z,6,14,"{'uid': '2132', 'renting': True, 'returning': True, 'last_updated': 1734503690, 'slots': 20, 'normal_bikes': 3, 'ebikes': 3, 'has_ebikes': True}",20
db51c556fe50ec1deefbc9697c70cb51,Granville Island,49.27029,-123.135025,2024-12-18T07:00:34.924383Z,17,15,"{'uid': '0189', 'renting': True, 'returning': True, 'last_updated': 1734505040, 'slots': 32, 'normal_bikes': 14, 'ebikes': 3, 'has_ebikes': True}",32
dcf3d5c9f1b3a46f0ef2eb2247931f89,6th & Prince Edward,49.265242,-123.095577,2024-12-18T07:00:35.006503Z,3,13,"{'uid': '0297', 'renting': True, 'returning': True, 'last_updated': 1734504968, 'slots': 16, 'normal_bikes': 2, 'ebikes': 1, 'has_ebikes': True}",16
df5ab349a7a85d4b10da4cc3ec65c607,Broughton & Davie,49.283749,-123.136133,2024-12-18T07:00:34.890639Z,9,5,"{'uid': '0087', 'renting': True, 'returning': True, 'last_updated': 1734505056, 'slots': 22, 'normal_bikes': 4, 'ebikes': 5, 'has_ebikes': True}",14
e02dd224b0177c65418bcb3f72d2f77d,Adanac & Lakewood,49.27751,-123.061429,2024-12-18T07:00:35.009304Z,4,16,"{'uid': '0617', 'renting': True, 'returning': True, 'last_updated': 1734504964, 'slots': 20, 'normal_bikes': 0, 'ebikes': 4, 'has_ebikes': True}",20
e0318460138ffbf4692005d5b5a9f900,Cypress & 10th,49.262944,-123.148109,2024-12-18T07:00:34.889763Z,5,9,"{'uid': '0068', 'renting': True, 'returning': True, 'last_updated': 1734504880, 'slots': 14, 'normal_bikes': 3, 'ebikes': 2, 'has_ebikes': True}",14
e0f30136c6ec6330f93d6c2c8463a0f4,Thunderbird Parkade,49.261655,-123.241924,2024-12-18T07:00:35.042741Z,4,12,"{'uid': '2157', 'renting': True, 'returning': True, 'last_updated': 1734504994, 'slots': 18, 'normal_bikes': 1, 'ebikes': 3, 'has_ebikes': True}",16
e12234b6f1299d178f34bffaca92f043,Burrard Station (Melville & Dunsmuir),49.285871,-123.12105,2024-12-18T07:00:34.859164Z,18,10,"{'uid': '0002', 'renting': True, 'returning': True, 'last_updated': 1734504933, 'slots': 28, 'normal_bikes': 14, 'ebikes': 4, 'has_ebikes': True}",28
e1432b72df561a1df34290679ec9c773,22nd & Cambie,49.251358,-123.115637,2024-12-18T07:00:35.008840Z,6,8,"{'uid': '0532', 'renting': True, 'returning': True, 'last_updated': 1734504800, 'slots': 14, 'normal_bikes': 5, 'ebikes': 1, 'has_ebikes': True}",14
e1ff428dadc7c32141b9d89a7b56728a,Glen & Broadway,49.262242,-123.081459,2024-12-18T07:00:34.930745Z,2,16,"{'uid': '0246', 'renting': True, 'returning': True, 'last_updated': 1734505115, 'slots': 18, 'normal_bikes': 1, 'ebikes': 1, 'has_ebikes': True}",18
e3d32ad772a5898c3b96c4d23d2cd542,Stanley Park - Totem Poles,49.298657,-123.121176,2024-12-18T07:00:34.891270Z,1,20,"{'uid': '0105', 'renting': True, 'returning': True, 'last_updated': 1734504975, 'slots': 20, 'normal_bikes': 0, 'ebikes': 1, 'has_ebikes': True}",21
e75e83499d3fa2e174dc2a8ffd238119,Davie & Beach,49.287528,-123.142139,2024-12-18T07:00:34.860415Z,29,1,"{'uid': '0028', 'renting': True, 'returning': True, 'last_updated': 1734505148, 'slots': 30, 'normal_bikes': 24, 'ebikes': 5, 'has_ebikes': True}",30
e7bf01431a6982f032996ad50a9e5bd7,Pender & Gore,49.280284,-123.097052,2024-12-18T07:00:34.925239Z,3,11,"{'uid': '0213', 'renting': True, 'returning': True, 'last_updated': 1734504726, 'slots': 14, 'normal_bikes': 0, 'ebikes': 3, 'has_ebikes': True}",14
e9b37f2d9b7b2e2e3ade73f13acb69b2,Richards & Davie,49.275683,-123.124388,2024-12-18T07:00:34.890525Z,3,10,"{'uid': '0082', 'renting': True, 'returning': True, 'last_updated': 1734504635, 'slots': 14, 'normal_bikes': 3, 'ebikes': 0, 'has_ebikes': True}",13
e9c4bd1fffbb1e5b058b8ea15f7307f6,Pender & Commercial,49.280332,-123.070068,2024-12-18T07:00:34.925563Z,8,8,"{'uid': '0224', 'renting': True, 'returning': True, 'last_updated': 1734505104, 'slots': 16, 'normal_bikes': 7, 'ebikes': 1, 'has_ebikes': True}",16
ea9485fcdce0611243474d000e4ad248,18th & Cambie,49.254818,-123.114785,2024-12-18T07:00:35.008786Z,17,7,"{'uid': '0531', 'renting': True, 'returning': True, 'last_updated': 1734505073, 'slots': 24, 'normal_bikes': 15, 'ebikes': 2, 'has_ebikes': True}",24
ebc551adb0fc1a684f4080e4954a9ba4,2nd & Commercial,49.268616,-123.069908,2024-12-18T07:00:34.930340Z,5,17,"{'uid': '0240', 'renting': True, 'returning': True, 'last_updated': 1734505013, 'slots': 22, 'normal_bikes': 5, 'ebikes': 0, 'has_ebikes': True}",22
ee620d77724c8993b0d366e7ec655b64,Wesbrook Village - Berton & Shrum,49.25478,-123.23621,2024-12-18T07:00:35.042784Z,9,18,"{'uid': '2252', 'renting': True, 'returning': True, 'last_updated': 1734504876, 'slots': 28, 'normal_bikes': 6, 'ebikes': 3, 'has_ebikes': True}",27
efa947b901a2cf85b58320b3ad26a2fe,Chilco & Robson,49.293257,-123.138563,2024-12-18T07:00:34.890786Z,18,2,"{'uid': '0093', 'renting': True, 'returning': True, 'last_updated': 1734505151, 'slots': 20, 'normal_bikes': 16, 'ebikes': 2, 'has_ebikes': True}",20
f1ca711137cde59e824167a4274df888,Keefer & Columbia,49.279342,-123.101822,2024-12-18T07:00:34.861511Z,14,0,"{'uid': '0055', 'renting': True, 'returning': True, 'last_updated': 1734504988, 'slots': 14, 'normal_bikes': 12, 'ebikes': 2, 'has_ebikes': True}",14
f3708906ec71348f5a42579fede36a0d,Rogers Tower,49.288682,-123.11818,2024-12-18T07:00:34.924779Z,7,11,"{'uid': '0201', 'renting': True, 'returning': True, 'last_updated': 1734505100, 'slots': 18, 'normal_bikes': 7, 'ebikes': 0, 'has_ebikes': True}",18
f387ec226c432c5c054e3d3616d90501,Woodland & Graveley,49.270684,-123.073562,2024-12-18T07:00:34.931063Z,2,10,"{'uid': '0252', 'renting': True, 'returning': True, 'last_updated': 1734504737, 'slots': 12, 'normal_bikes': 2, 'ebikes': 0, 'has_ebikes': True}",12
f38bac9712f3beee2149ba2a97048878,Cardero & Bayshore,49.291597,-123.129158,2024-12-18T07:00:34.924740Z,17,3,"{'uid': '0200', 'renting': True, 'returning': True, 'last_updated': 1734504821, 'slots': 20, 'normal_bikes': 15, 'ebikes': 2, 'has_ebikes': True}",20
f5e8fa1fc4252bda2f93dd27ed2d603f,Nelson & Denman,49.2890705989865,-123.138407369468,2024-12-18T07:00:35.006905Z,14,4,"{'uid': '0313', 'renting': True, 'returning': True, 'last_updated': 1734504943, 'slots': 18, 'normal_bikes': 12, 'ebikes': 2, 'has_ebikes': True}",18
f62bc2bfe9a0a563d5b6745ce6d962ba,8th & Fraser,49.263382,-123.088837,2024-12-18T07:00:35.001544Z,4,12,"{'uid': '0261', 'renting': True, 'returning': True, 'last_updated': 1734505100, 'slots': 16, 'normal_bikes': 4, 'ebikes': 0, 'has_ebikes': True}",16
f90ed7ad754ec04b7852941a480a4c77,Balaclava & 6th,49.266924,-123.173849,2024-12-18T07:00:35.007701Z,11,3,"{'uid': '0443', 'renting': True, 'returning': True, 'last_updated': 1734505030, 'slots': 16, 'normal_bikes': 10, 'ebikes': 1, 'has_ebikes': True}",14
f97d5bf41f35aa181288429fb52e3488,Cambie & Water,49.284605,-123.108662,2024-12-18T07:00:34.861345Z,25,7,"{'uid': '0052', 'renting': True, 'returning': True, 'last_updated': 1734505075, 'slots': 32, 'normal_bikes': 19, 'ebikes': 6, 'has_ebikes': True}",32
fad9ebcf614dd1a72593a34072ff76f8,Helmcken & Burrard,49.279938,-123.127478,2024-12-18T07:00:34.860871Z,6,10,"{'uid': '0039', 'renting': True, 'returning': True, 'last_updated': 1734505056, 'slots': 15, 'normal_bikes': 4, 'ebikes': 2, 'has_ebikes': True}",16
fbb1d30d7f30b049873f5be5688563d4,Hornby & Pender,49.28602,-123.116624,2024-12-18T07:00:34.860193Z,16,5,"{'uid': '0024', 'renting': True, 'returning': True, 'last_updated': 1734505072, 'slots': 22, 'normal_bikes': 11, 'ebikes': 5, 'has_ebikes': True}",21
fbb4c06b719596c21f91fd51ef6d4710,7th & Heather,49.265089,-123.119425,2024-12-18T07:00:34.890488Z,4,14,"{'uid': '0081', 'renting': True, 'returning': True, 'last_updated': 1734504733, 'slots': 18, 'normal_bikes': 4, 'ebikes': 0, 'has_ebikes': True}",18
fe0c57d04d6e682d284d501446095fc9,Union & Dunlevy,49.277595,-123.09583,2024-12-18T07:00:34.925196Z,10,6,"{'uid': '0212', 'renting': True, 'returning': True, 'last_updated': 1734505210, 'slots': 16, 'normal_bikes': 9, 'ebikes': 1, 'has_ebikes': True}",16
fedff7a263c182df94bda7307059cc52,Richards & Helmcken,49.277141,-123.122589,2024-12-18T07:00:34.923155Z,6,10,"{'uid': '0138', 'renting': True, 'returning': True, 'last_updated': 1734505065, 'slots': 18, 'normal_bikes': 4, 'ebikes': 2, 'has_ebikes': True}",16
fef69fb400210d861107a61db954d037,Keefer & Abbott,49.279821,-123.10802,2024-12-18T07:00:34.861399Z,21,7,"{'uid': '0053', 'renting': True, 'returning': True, 'last_updated': 1734504878, 'slots': 28, 'normal_bikes': 20, 'ebikes': 1, 'has_ebikes': True}",28
fffd87607aaae16fbb1f71615cbe7d17,8th & Prince Edward,49.263518,-123.09568,2024-12-18T07:00:35.001631Z,3,15,"{'uid': '0262', 'renting': True, 'returning': True, 'last_updated': 1734504918, 'slots': 18, 'normal_bikes': 3, 'ebikes': 0, 'has_ebikes': True}",18
